issue,title,url,independent,category,status,evidence,comment_count,current_capability,rationale,needed,demonstrated_modelsan_detection
85,Re-design and simplification of Modelica.Media,https://github.com/modelica/ModelicaStandardLibrary/issues/85,True,ENHANCEMENT,Feature/design request,Issue/discussion capability assessment; no execution verdict,11,No detection claim: requested behavior/API must first be specified.,Media redesign is an architecture proposal; numerical sanitizers cannot choose the desired public interface.,"API design, compatibility and targeted regression tests.",False
89,Continue discussion on library structure,https://github.com/modelica/ModelicaStandardLibrary/issues/89,True,ENHANCEMENT,Feature/design request,Issue/discussion capability assessment; no execution verdict,17,No detection claim: requested behavior/API must first be specified.,Library organization discussion has no numerical failure criterion.,"API design, compatibility and targeted regression tests.",False
106,Update of the Modelica Tutorial,https://github.com/modelica/ModelicaStandardLibrary/issues/106,True,DOCUMENTATION,Outside numerical scope,Issue/discussion capability assessment; no execution verdict,0,None for the requested editorial/graphical change.,Tutorial update requires documentation review and executable examples where appropriate.,"Documentation, diagram, link and source-style validation.",False
143,3-phase transformer transforms DC-signals,https://github.com/modelica/ModelicaStandardLibrary/issues/143,True,CONTRACT,Semantic oracle needed,Issue/discussion capability assessment; no execution verdict,14,Finite plausible wrong results generally pass numeric/domain checks; generic physical checks do not encode this contract.,DC transmission is a limitation of an ideal transformer; establish the intended frequency/flux applicability before calling it a defect.,"F4/F8: API metamorphic, analytic, thermodynamic or component-specific physical contracts.",False
241,Have a unified concept/connector for electrical power systems,https://github.com/modelica/ModelicaStandardLibrary/issues/241,True,ENHANCEMENT,Feature/design request,Issue/discussion capability assessment; no execution verdict,4,No detection claim: requested behavior/API must first be specified.,Unified power-system connectors require an agreed interface and conversion/compatibility tests.,"API design, compatibility and targeted regression tests.",False
283,Improve the whole MSL to follow the naming conventions,https://github.com/modelica/ModelicaStandardLibrary/issues/283,True,DOCUMENTATION,Outside numerical scope,Issue/discussion capability assessment; no execution verdict,17,None for the requested editorial/graphical change.,"Naming conventions need source/style lint, not numerical execution.","Documentation, diagram, link and source-style validation.",False
287,Refine temperature dependency modelling,https://github.com/modelica/ModelicaStandardLibrary/issues/287,True,CONTRACT,Semantic oracle needed,Issue/discussion capability assessment; no execution verdict,7,Finite plausible wrong results generally pass numeric/domain checks; generic physical checks do not encode this contract.,Temperature dependence needs material-law and reference-data checks; a finite value can still implement the wrong constitutive law.,"F4/F8: API metamorphic, analytic, thermodynamic or component-specific physical contracts.",False
322,Conservation of energy in Modelica.Fluid (kinetic term),https://github.com/modelica/ModelicaStandardLibrary/issues/322,True,CONTRACT,Semantic oracle needed,Issue/discussion capability assessment; no execution verdict,15,Finite plausible wrong results generally pass numeric/domain checks; generic physical checks do not encode this contract.,Kinetic energy omitted from the Fluid energy balance; stream conservation alone cannot validate the chosen kinetic/potential energy approximation.,"F4/F8: API metamorphic, analytic, thermodynamic or component-specific physical contracts.",False
324,Example cases: closed circuits with pump and accumulator,https://github.com/modelica/ModelicaStandardLibrary/issues/324,True,REFERENCE,Test/reference validation needed,Issue/discussion capability assessment; no execution verdict,6,"DifferentialSan can compare traces, but a disagreement is not proof and current alignment is inadequate.",Missing pump/accumulator closed-circuit examples require test construction; no failing witness is supplied by the request itself.,"F5: reference metadata, meaningful signals, event alignment and mixed tolerances.",False
325,Example cases: steam turbine system,https://github.com/modelica/ModelicaStandardLibrary/issues/325,True,REFERENCE,Test/reference validation needed,Issue/discussion capability assessment; no execution verdict,6,"DifferentialSan can compare traces, but a disagreement is not proof and current alignment is inadequate.",Steam-turbine example coverage is a requested test/model addition.,"F5: reference metadata, meaningful signals, event alignment and mixed tolerances.",False
326,Example cases: steam generator,https://github.com/modelica/ModelicaStandardLibrary/issues/326,True,REFERENCE,Test/reference validation needed,Issue/discussion capability assessment; no execution verdict,7,"DifferentialSan can compare traces, but a disagreement is not proof and current alignment is inadequate.",Steam-generator example coverage is a requested test/model addition.,"F5: reference metadata, meaningful signals, event alignment and mixed tolerances.",False
327,Example cases: heat exchangers,https://github.com/modelica/ModelicaStandardLibrary/issues/327,True,REFERENCE,Test/reference validation needed,Issue/discussion capability assessment; no execution verdict,7,"DifferentialSan can compare traces, but a disagreement is not proof and current alignment is inadequate.",Heat-exchanger example coverage is a requested test/model addition.,"F5: reference metadata, meaningful signals, event alignment and mixed tolerances.",False
328,Test cases with inner/outer connections,https://github.com/modelica/ModelicaStandardLibrary/issues/328,True,REFERENCE,Test/reference validation needed,Issue/discussion capability assessment; no execution verdict,4,"DifferentialSan can compare traces, but a disagreement is not proof and current alignment is inadequate.","inner/outer connection examples should exercise elaboration and binding rules, not just trace finiteness.","F5: reference metadata, meaningful signals, event alignment and mixed tolerances.",False
329,Conservation of kinetic energy in valves and fittings,https://github.com/modelica/ModelicaStandardLibrary/issues/329,True,CONTRACT,Semantic oracle needed,Issue/discussion capability assessment; no execution verdict,6,Finite plausible wrong results generally pass numeric/domain checks; generic physical checks do not encode this contract.,Valve/fitting kinetic-energy accounting overlaps #322; requires a total-energy control-volume oracle and declared approximation regime.,"F4/F8: API metamorphic, analytic, thermodynamic or component-specific physical contracts.",False
342,Integrate PressureLoss components from Dissipation library,https://github.com/modelica/ModelicaStandardLibrary/issues/342,True,ENHANCEMENT,Feature/design request,Issue/discussion capability assessment; no execution verdict,4,No detection claim: requested behavior/API must first be specified.,"Integrating Dissipation pressure-loss components requires interface/regression work, not defect detection alone.","API design, compatibility and targeted regression tests.",False
344,Integrate pipe pressure loss and heat transfer correlations,https://github.com/modelica/ModelicaStandardLibrary/issues/344,True,ENHANCEMENT,Feature/design request,Issue/discussion capability assessment; no execution verdict,2,No detection claim: requested behavior/API must first be specified.,Additional pipe correlations require validated physical regimes and reference data.,"API design, compatibility and targeted regression tests.",False
359,Move conditional heat port models to Modelica.Thermal.HeatTransfer.Interfaces,https://github.com/modelica/ModelicaStandardLibrary/issues/359,True,ENHANCEMENT,Feature/design request,Issue/discussion capability assessment; no execution verdict,14,No detection claim: requested behavior/API must first be specified.,Moving conditional heat-port classes is library/API organization work.,"API design, compatibility and targeted regression tests.",False
414,Fix and add unit definitions in Spice3,https://github.com/modelica/ModelicaStandardLibrary/issues/414,True,UNIT,Partial dimensional capability,Issue/discussion capability assessment; no execution verdict,12,DimensionSan can flag known incompatible additive/relational units; this row has no demonstrated hit.,"Missing Spice3 unit declarations require declaration coverage and interprocedural dimensional inference, not merely checking declared additions.","F7: unit propagation through bindings, calls, powers and quantity/conversion metadata.",False
464,Add PlanarMultiBody to MSL?,https://github.com/modelica/ModelicaStandardLibrary/issues/464,True,ENHANCEMENT,Feature/design request,Issue/discussion capability assessment; no execution verdict,22,No detection claim: requested behavior/API must first be specified.,Adding PlanarMultiBody is a library-scope decision and implementation request.,"API design, compatibility and targeted regression tests.",False
506,Differential model missing in MSL,https://github.com/modelica/ModelicaStandardLibrary/issues/506,True,ENHANCEMENT,Feature/design request,Issue/discussion capability assessment; no execution verdict,3,No detection claim: requested behavior/API must first be specified.,A missing differential component is a feature request; no existing-model sanitizer can implement it.,"API design, compatibility and targeted regression tests.",False
609,Rename models that do not follow the naming convention,https://github.com/modelica/ModelicaStandardLibrary/issues/609,True,DOCUMENTATION,Outside numerical scope,Issue/discussion capability assessment; no execution verdict,14,None for the requested editorial/graphical change.,Model renaming requires naming/conversion checks.,"Documentation, diagram, link and source-style validation.",False
665,Homotopy for Modelica.Fluid---Wall friction in pipe models,https://github.com/modelica/ModelicaStandardLibrary/issues/665,True,INIT,Possible initialization symptom only,Issue/discussion capability assessment; no execution verdict,8,"InitSan/InitStaticSan/StructureSan and SolverSan can expose candidates or failures, not prove the reported root cause.",Wall-friction homotopy improvement; compare continuation paths and initialization robustness rather than declaring every failed solve a library defect.,"F6: branch/homotopy-aware initialization with numerical rank, binding and residual evidence.",False
666,Homotopy for Modelica.Fluid---Heat transfer in volume models,https://github.com/modelica/ModelicaStandardLibrary/issues/666,True,INIT,Possible initialization symptom only,Issue/discussion capability assessment; no execution verdict,5,"InitSan/InitStaticSan/StructureSan and SolverSan can expose candidates or failures, not prove the reported root cause.",Heat-transfer homotopy improvement needs a legal initial-condition suite and continuation diagnostics.,"F6: branch/homotopy-aware initialization with numerical rank, binding and residual evidence.",False
667,Homotopy for Modelica.Fluid---Wall friction in valve models,https://github.com/modelica/ModelicaStandardLibrary/issues/667,True,INIT,Possible initialization symptom only,Issue/discussion capability assessment; no execution verdict,3,"InitSan/InitStaticSan/StructureSan and SolverSan can expose candidates or failures, not prove the reported root cause.",Valve homotopy improvement needs legal parameter/initial-condition sweeps and continuation diagnostics.,"F6: branch/homotopy-aware initialization with numerical rank, binding and residual evidence.",False
668,Homotopy for Modelica.Fluid---Wall friction in fitting models,https://github.com/modelica/ModelicaStandardLibrary/issues/668,True,INIT,Possible initialization symptom only,Issue/discussion capability assessment; no execution verdict,3,"InitSan/InitStaticSan/StructureSan and SolverSan can expose candidates or failures, not prove the reported root cause.",Fitting homotopy improvement needs continuation-path and initialization diagnostics.,"F6: branch/homotopy-aware initialization with numerical rank, binding and residual evidence.",False
669,Homotopy for Modelica.Fluid---Tests and examples,https://github.com/modelica/ModelicaStandardLibrary/issues/669,True,REFERENCE,Test/reference validation needed,Issue/discussion capability assessment; no execution verdict,5,"DifferentialSan can compare traces, but a disagreement is not proof and current alignment is inadequate.","Requests homotopy tests/examples; test coverage is the deliverable, not a numerical defect witness.","F5: reference metadata, meaningful signals, event alignment and mixed tolerances.",False
671,Different icon sizes of Block connectors (input vs output),https://github.com/modelica/ModelicaStandardLibrary/issues/671,True,DOCUMENTATION,Outside numerical scope,Issue/discussion capability assessment; no execution verdict,7,None for the requested editorial/graphical change.,Connector icon sizes need graphical/style validation.,"Documentation, diagram, link and source-style validation.",False
694,Reference temperature in resistors,https://github.com/modelica/ModelicaStandardLibrary/issues/694,True,UNRESOLVED,Not established,Issue/discussion capability assessment; no execution verdict,12,No defensible defect/detectability verdict from the current evidence; do not count as clean or missed.,Reference-temperature convention (300.15 versus 293.15 K) is a design choice; no invalid computation is established.,Resolve the stated contract/version/reproducer uncertainty; then choose an oracle.,False
738,Analyze semantics of stream connectors and inStream() for separate compilation,https://github.com/modelica/ModelicaStandardLibrary/issues/738,True,FRONTEND,Source/compiler analysis needed,Issue/discussion capability assessment; no execution verdict,4,Flattened numerical sanitizers do not implement these language/binding/effect checks.,Stream/inStream separate-compilation semantics require connector elaboration and cross-compilation equivalence checks.,"F2/F3: source-aware binding, definite assignment, effects, local balance and compiler support.",False
740,Create a simple turbine model,https://github.com/modelica/ModelicaStandardLibrary/issues/740,True,ENHANCEMENT,Feature/design request,Issue/discussion capability assessment; no execution verdict,5,No detection claim: requested behavior/API must first be specified.,A simple turbine model is an added modeling capability.,"API design, compatibility and targeted regression tests.",False
742,Unified framework for regularized functions,https://github.com/modelica/ModelicaStandardLibrary/issues/742,True,ENHANCEMENT,Feature/design request,Issue/discussion capability assessment; no execution verdict,9,No detection claim: requested behavior/API must first be specified.,A unified regularization framework needs API design and smoothness/accuracy tests once specified.,"API design, compatibility and targeted regression tests.",False
814,Duplicate definitions of basic electric elements present in Spice3,https://github.com/modelica/ModelicaStandardLibrary/issues/814,True,ENHANCEMENT,Feature/design request,Issue/discussion capability assessment; no execution verdict,5,No detection claim: requested behavior/API must first be specified.,Duplicate electric-element definitions are maintainability/refactoring work unless behavior differences are demonstrated.,"API design, compatibility and targeted regression tests.",False
825,Default parameters in Modelica.Electrical.Spice3,https://github.com/modelica/ModelicaStandardLibrary/issues/825,True,UNRESOLVED,Not established,Issue/discussion capability assessment; no execution verdict,8,No defensible defect/detectability verdict from the current evidence; do not count as clean or missed.,Large negative Spice sentinel represents an unspecified parameter; do not infer a physical violation from its sign or GUI display.,Resolve the stated contract/version/reproducer uncertainty; then choose an oracle.,False
849,Vendor Neutral Modelica Annotation Prototypes in MSL,https://github.com/modelica/ModelicaStandardLibrary/issues/849,True,ENHANCEMENT,Feature/design request,Issue/discussion capability assessment; no execution verdict,6,No detection claim: requested behavior/API must first be specified.,Vendor-neutral annotations require specification/tool interoperability validation.,"API design, compatibility and targeted regression tests.",False
966,Fluid names for density and viscosity,https://github.com/modelica/ModelicaStandardLibrary/issues/966,True,DOCUMENTATION,Outside numerical scope,Issue/discussion capability assessment; no execution verdict,5,None for the requested editorial/graphical change.,Density/viscosity naming conventions need API naming review.,"Documentation, diagram, link and source-style validation.",False
967,Media shall define type PressureDifference,https://github.com/modelica/ModelicaStandardLibrary/issues/967,True,ENHANCEMENT,Feature/design request,Issue/discussion capability assessment; no execution verdict,7,No detection claim: requested behavior/API must first be specified.,"PressureDifference is a requested medium type addition, not a demonstrated numerical failure.","API design, compatibility and targeted regression tests.",False
1064,Handling of tiny capacitances in Spice-like electronic circuits,https://github.com/modelica/ModelicaStandardLibrary/issues/1064,True,NUMERIC,Possible symptom coverage only,Issue/discussion capability assessment; no execution verdict,0,Domain/Numeric/Solver/AssertSan may observe a reached failure; no executed issue-specific hit is established here.,Tiny capacitances can cause stiffness/conditioning problems; SolverSan may report failure but lacks a scaled conditioning diagnosis.,"F6: scaled residual/rank/conditioning, progress budgets and high-precision error oracles.",False
1118,Standardize annotation __Dymola_Commands,https://github.com/modelica/ModelicaStandardLibrary/issues/1118,True,ENHANCEMENT,Feature/design request,Issue/discussion capability assessment; no execution verdict,1,No detection claim: requested behavior/API must first be specified.,Standardizing tool command annotations requires cross-tool metadata support.,"API design, compatibility and targeted regression tests.",False
1157,Modelica XML formats,https://github.com/modelica/ModelicaStandardLibrary/issues/1157,True,ENHANCEMENT,Feature/design request,Issue/discussion capability assessment; no execution verdict,0,No detection claim: requested behavior/API must first be specified.,XML interchange formats require schema/round-trip compatibility tests.,"API design, compatibility and targeted regression tests.",False
1225,SimpleAir with negative specific enthalpy,https://github.com/modelica/ModelicaStandardLibrary/issues/1225,True,UNRESOLVED,Not established,Issue/discussion capability assessment; no execution verdict,4,No defensible defect/detectability verdict from the current evidence; do not count as clean or missed.,Negative specific enthalpy can be valid because its zero is conventional; blanket positivity checking would be incorrect.,Resolve the stated contract/version/reproducer uncertainty; then choose an oracle.,False
1292,Models that deliberately do not simulate in ModelicaTest,https://github.com/modelica/ModelicaStandardLibrary/issues/1292,True,REFERENCE,Test/reference validation needed,Issue/discussion capability assessment; no execution verdict,1,"DifferentialSan can compare traces, but a disagreement is not proof and current alignment is inadequate.",Intentionally failing ModelicaTest models need expected-failure metadata so correct diagnostic behavior is not counted as a regression.,"F5: reference metadata, meaningful signals, event alignment and mixed tolerances.",False
1339,How to handle changes to resource data shipped with the MSL,https://github.com/modelica/ModelicaStandardLibrary/issues/1339,True,REFERENCE,Test/reference validation needed,Issue/discussion capability assessment; no execution verdict,2,"DifferentialSan can compare traces, but a disagreement is not proof and current alignment is inadequate.",Changes to shipped resources need versioning/provenance and downstream reference tests.,"F5: reference metadata, meaningful signals, event alignment and mixed tolerances.",False
1400,Mathematical mean functions,https://github.com/modelica/ModelicaStandardLibrary/issues/1400,True,ENHANCEMENT,Feature/design request,Issue/discussion capability assessment; no execution verdict,4,No detection claim: requested behavior/API must first be specified.,Additional mathematical means require specified definitions/domains and implementation tests.,"API design, compatibility and targeted regression tests.",False
1410,Remove or reduce to a minimum the usage of cardinality in MSL,https://github.com/modelica/ModelicaStandardLibrary/issues/1410,True,FRONTEND,Source/compiler analysis needed,Issue/discussion capability assessment; no execution verdict,10,Flattened numerical sanitizers do not implement these language/binding/effect checks.,"Deprecated cardinality usage is source-level compatibility/lint work, not evidence of an invalid numerical trajectory.","F2/F3: source-aware binding, definite assignment, effects, local balance and compiler support.",False
1539,Unused models in Modelica/ModelicaTest library,https://github.com/modelica/ModelicaStandardLibrary/issues/1539,True,ENHANCEMENT,Feature/design request,Issue/discussion capability assessment; no execution verdict,26,No detection claim: requested behavior/API must first be specified.,Unused model cleanup needs dependency/reachability review.,"API design, compatibility and targeted regression tests.",False
1575,R134a media - differentiation problems,https://github.com/modelica/ModelicaStandardLibrary/issues/1575,True,FRONTEND,Source/compiler analysis needed,Issue/discussion capability assessment; no execution verdict,19,Flattened numerical sanitizers do not implement these language/binding/effect checks.,R134a differentiation needs function/record differentiation support and derivative-contract checks; compilation failure is not a sanitizer hit.,"F2/F3: source-aware binding, definite assignment, effects, local balance and compiler support.",False
1659,Missing term in entropy of table-based incompressible medium,https://github.com/modelica/ModelicaStandardLibrary/issues/1659,True,CONTRACT,Semantic oracle needed,Issue/discussion capability assessment; no execution verdict,2,Finite plausible wrong results generally pass numeric/domain checks; generic physical checks do not encode this contract.,Missing pressure contribution to table-based entropy needs thermodynamic identity/derivative tests with the medium's approximation assumptions.,"F4/F8: API metamorphic, analytic, thermodynamic or component-specific physical contracts.",False
1741,Problematic models for regression test,https://github.com/modelica/ModelicaStandardLibrary/issues/1741,True,REFERENCE,Test/reference validation needed,Issue/discussion capability assessment; no execution verdict,38,"DifferentialSan can compare traces, but a disagreement is not proof and current alignment is inadequate.","Umbrella for problematic regression models; compare appropriate signals, conditioning and horizons, not raw trajectory equality alone.","F5: reference metadata, meaningful signals, event alignment and mixed tolerances.",False
1742,Reverse flow in steady-state two-port models of Modelica.Fluid,https://github.com/modelica/ModelicaStandardLibrary/issues/1742,True,ENHANCEMENT,Feature/design request,Issue/discussion capability assessment; no execution verdict,3,No detection claim: requested behavior/API must first be specified.,Suppressing unused reverse-flow equations is an optimization when reversal is disabled; the discussion does not establish wrong results.,"API design, compatibility and targeted regression tests.",False
1752,Modelica.Electrical.Machines.Losses.InductionMachines.PermanentMagnetLosses needs connection for stator current,https://github.com/modelica/ModelicaStandardLibrary/issues/1752,True,ENHANCEMENT,Feature/design request,Issue/discussion capability assessment; no execution verdict,6,No detection claim: requested behavior/API must first be specified.,Stator-current input is legal Modelica; request is for a graphical connector/API with compatibility preserved.,"API design, compatibility and targeted regression tests.",False
1773,Possible unspecified/arbitrary initial system,https://github.com/modelica/ModelicaStandardLibrary/issues/1773,True,INIT,Possible initialization symptom only,Issue/discussion capability assessment; no execution verdict,2,"InitSan/InitStaticSan/StructureSan and SolverSan can expose candidates or failures, not prove the reported root cause.",Claim of an arbitrary initial system is disputed in comments; inspect actual initial constraints and state selection before assigning blame.,"F6: branch/homotopy-aware initialization with numerical rank, binding and residual evidence.",False
1808,M_OLine: default resistance/meter is too high,https://github.com/modelica/ModelicaStandardLibrary/issues/1808,True,CONTRACT,Semantic oracle needed,Issue/discussion capability assessment; no execution verdict,8,Finite plausible wrong results generally pass numeric/domain checks; generic physical checks do not encode this contract.,An implausible default line resistance needs a specification/datasheet or scale contract; positive finite resistance is not intrinsically invalid.,"F4/F8: API metamorphic, analytic, thermodynamic or component-specific physical contracts.",False
1860,"""class"" still a valid Modelica class type to use?",https://github.com/modelica/ModelicaStandardLibrary/issues/1860,True,FRONTEND,Source/compiler analysis needed,Issue/discussion capability assessment; no execution verdict,6,Flattened numerical sanitizers do not implement these language/binding/effect checks.,Use of class restrictions is a language/style compatibility question for the frontend.,"F2/F3: source-aware binding, definite assignment, effects, local balance and compiler support.",False
1862,Modelica.Utilities.Strings.sort,https://github.com/modelica/ModelicaStandardLibrary/issues/1862,True,ENHANCEMENT,Feature/design request,Issue/discussion capability assessment; no execution verdict,0,No detection claim: requested behavior/API must first be specified.,"Despite the bug label, this is a sorting implementation/performance improvement note, not an established wrong-result reproducer.","API design, compatibility and targeted regression tests.",False
1873,Desired mechanical components,https://github.com/modelica/ModelicaStandardLibrary/issues/1873,True,ENHANCEMENT,Feature/design request,Issue/discussion capability assessment; no execution verdict,4,No detection claim: requested behavior/API must first be specified.,Requested mechanical components extend library coverage.,"API design, compatibility and targeted regression tests.",False
1898,MSL 3.2.1 build 4 - Fluid pump efficiency,https://github.com/modelica/ModelicaStandardLibrary/issues/1898,True,NUMERIC,Possible symptom coverage only,Issue/discussion capability assessment; no execution verdict,13,Domain/Numeric/Solver/AssertSan may observe a reached failure; no executed issue-specific hit is established here.,Pump efficiency refers to nonlinear solve cost and Jacobian structure; discussion disputes whether simplification preserves the relevant physics.,"F6: scaled residual/rank/conditioning, progress budgets and high-precision error oracles.",False
1904,Support for textures in ModelicaServices,https://github.com/modelica/ModelicaStandardLibrary/issues/1904,True,ENHANCEMENT,Feature/design request,Issue/discussion capability assessment; no execution verdict,3,No detection claim: requested behavior/API must first be specified.,Texture support belongs to visualization/services capabilities.,"API design, compatibility and targeted regression tests.",False
1906,Proposal to hide non-graphical protected outer world objects,https://github.com/modelica/ModelicaStandardLibrary/issues/1906,True,DOCUMENTATION,Outside numerical scope,Issue/discussion capability assessment; no execution verdict,4,None for the requested editorial/graphical change.,Hiding protected outer world objects concerns diagram/browser presentation.,"Documentation, diagram, link and source-style validation.",False
1910,Issue with uninitialized record fields,https://github.com/modelica/ModelicaStandardLibrary/issues/1910,True,FRONTEND,Source/compiler analysis needed,Issue/discussion capability assessment; no execution verdict,3,Flattened numerical sanitizers do not implement these language/binding/effect checks.,Uninitialized record fields require path-sensitive definite assignment across functions; nonfinite observations cover only some downstream symptoms.,"F2/F3: source-aware binding, definite assignment, effects, local balance and compiler support.",False
1913,Modelica.Media.IdealGases.Common.MixtureGasNasa.specificEntropy correct?,https://github.com/modelica/ModelicaStandardLibrary/issues/1913,True,UNRESOLVED,Not established,Issue/discussion capability assessment; no execution verdict,7,No defensible defect/detectability verdict from the current evidence; do not count as clean or missed.,Low-concentration entropy handling is defended as a deliberate singularity guard; continuity/asymptotic checks need an agreed error bound.,Resolve the stated contract/version/reproducer uncertainty; then choose an oracle.,False
1915,Check == and <> usages in functions,https://github.com/modelica/ModelicaStandardLibrary/issues/1915,True,UNRESOLVED,Not established,Issue/discussion capability assessment; no execution verdict,3,No defensible defect/detectability verdict from the current evidence; do not count as clean or missed.,Real equality is legal in functions and sometimes necessary for root termination; blanket equality lint would misclassify valid code.,Resolve the stated contract/version/reproducer uncertainty; then choose an oracle.,False
1942,Resource leak in Modelica.Utilities.Examples.readRealParameterModel (long term edition),https://github.com/modelica/ModelicaStandardLibrary/issues/1942,True,EXTERNAL,External/platform scope,Issue/discussion capability assessment; no execution verdict,5,"Modelica numerical sanitizers do not validate platform, file, C ABI or FMI protocols.",Resource handles created during parameter editing need lifetime/leak instrumentation in the external/runtime/GUI path.,"F9: platform CI, C/ABI/resource instrumentation, file and FMI contract tests.",False
1954,Support directories in loadResource(..),https://github.com/modelica/ModelicaStandardLibrary/issues/1954,True,EXTERNAL,External/platform scope,Issue/discussion capability assessment; no execution verdict,9,"Modelica numerical sanitizers do not validate platform, file, C ABI or FMI protocols.",Directory support in loadResource requires resource resolver/API tests.,"F9: platform CI, C/ABI/resource instrumentation, file and FMI contract tests.",False
1959,Usage of pre in Modelica.Electrical.Digital erroneous,https://github.com/modelica/ModelicaStandardLibrary/issues/1959,True,EVENT,Temporal oracle needed,Issue/discussion capability assessment; no execution verdict,4,"EventSan/ZenoSan measure event activity; they do not specify phase, sample delay, polarity or transition priority.",Digital pre semantics require a discrete state-transition truth table and event history; event density does not identify wrong logical state.,F3/F4: supported event/clock execution plus state-machine and sample-history contracts.,False
1974,Issue due to new argument crossArea in wall friction functions,https://github.com/modelica/ModelicaStandardLibrary/issues/1974,True,REFERENCE,Test/reference validation needed,Issue/discussion capability assessment; no execution verdict,3,"DifferentialSan can compare traces, but a disagreement is not proof and current alignment is inadequate.",API/signature compatibility after adding crossArea needs conversion and downstream-call regression tests; discussion points to #1973.,"F5: reference metadata, meaningful signals, event alignment and mixed tolerances.",False
2018,Standardized interface between Modelica and PLC,https://github.com/modelica/ModelicaStandardLibrary/issues/2018,True,EXTERNAL,External/platform scope,Issue/discussion capability assessment; no execution verdict,5,"Modelica numerical sanitizers do not validate platform, file, C ABI or FMI protocols.",A standardized PLC interface needs protocol/interface integration tests.,"F9: platform CI, C/ABI/resource instrumentation, file and FMI contract tests.",False
2058,Improved version of ideal transmission lines,https://github.com/modelica/ModelicaStandardLibrary/issues/2058,True,ENHANCEMENT,Feature/design request,Issue/discussion capability assessment; no execution verdict,15,No detection claim: requested behavior/API must first be specified.,An improved ideal transmission-line implementation needs agreed behavior and cross-version regression tests.,"API design, compatibility and targeted regression tests.",False
2062,Blocks.Interfaces should declare parameters that assign vector length as nonnegative,https://github.com/modelica/ModelicaStandardLibrary/issues/2062,True,SHAPE,Shape analysis needed,Issue/discussion capability assessment; no execution verdict,1,"DimensionSan checks SI units, not array dimensions. No interprocedural extent/bounds detector.",Vector-length parameters need nonnegative size constraints and legal zero-size/negative-size elaboration tests.,"F2: shape contracts, reduced/full representations and runtime bounds provenance.",False
2083,Missing test or example model for Modelica.Electrical.Digital.Memories.DLATROM,https://github.com/modelica/ModelicaStandardLibrary/issues/2083,True,REFERENCE,Test/reference validation needed,Issue/discussion capability assessment; no execution verdict,1,"DifferentialSan can compare traces, but a disagreement is not proof and current alignment is inadequate.",DLATROM lacks a test/example; add a memory truth-table and timing fixture.,"F5: reference metadata, meaningful signals, event alignment and mixed tolerances.",False
2089,Missing comments for result variables in Modelica.Electrical.Spice3,https://github.com/modelica/ModelicaStandardLibrary/issues/2089,True,DOCUMENTATION,Outside numerical scope,Issue/discussion capability assessment; no execution verdict,6,None for the requested editorial/graphical change.,Spice3 result-variable comments require documentation coverage checks.,"Documentation, diagram, link and source-style validation.",False
2126,Add Modelica.Blocks.Sources.StringExpression,https://github.com/modelica/ModelicaStandardLibrary/issues/2126,True,ENHANCEMENT,Feature/design request,Issue/discussion capability assessment; no execution verdict,0,No detection claim: requested behavior/API must first be specified.,StringExpression is a new source-block feature.,"API design, compatibility and targeted regression tests.",False
2164,Replace Blocks.Logical,https://github.com/modelica/ModelicaStandardLibrary/issues/2164,True,ENHANCEMENT,Feature/design request,Issue/discussion capability assessment; no execution verdict,6,No detection claim: requested behavior/API must first be specified.,Replacing Blocks.Logical requires API/semantic migration decisions.,"API design, compatibility and targeted regression tests.",False
2189,State selection in Modelica.Blocks.Examples.NoiseExamples.ActuatorWithNoise,https://github.com/modelica/ModelicaStandardLibrary/issues/2189,True,ENHANCEMENT,Feature/design request,Issue/discussion capability assessment; no execution verdict,5,No detection claim: requested behavior/API must first be specified.,State-selection suggestion aims at efficiency; no incorrect trace is established by the requested attribute change alone.,"API design, compatibility and targeted regression tests.",False
2193,Problems with equations from IdealGTOThyristor resulting in infinite loop,https://github.com/modelica/ModelicaStandardLibrary/issues/2193,True,EVENT,Temporal oracle needed,Issue/discussion capability assessment; no execution verdict,9,"EventSan/ZenoSan measure event activity; they do not specify phase, sample delay, polarity or transition priority.",IdealGTOThyristor iteration loop may be tool-specific; event-loop/progress diagnostics are symptoms until reproduced across supported tools.,F3/F4: supported event/clock execution plus state-machine and sample-history contracts.,False
2239,Inversion of complex matrices: usefulness and how to obtain in MSL,https://github.com/modelica/ModelicaStandardLibrary/issues/2239,True,ENHANCEMENT,Feature/design request,Issue/discussion capability assessment; no execution verdict,19,No detection claim: requested behavior/API must first be specified.,Complex matrix inversion is a requested mathematical API capability with numerical conditioning contracts.,"API design, compatibility and targeted regression tests.",False
2241,External function wrapper dgees should not pass garbage for function pointer,https://github.com/modelica/ModelicaStandardLibrary/issues/2241,True,EXTERNAL,External/platform scope,Issue/discussion capability assessment; no execution verdict,23,"Modelica numerical sanitizers do not validate platform, file, C ABI or FMI protocols.","Invalid unused Fortran callback pointer in dgees requires ABI validation/C instrumentation, not a Modelica arithmetic-domain oracle.","F9: platform CI, C/ABI/resource instrumentation, file and FMI contract tests.",False
2248,"Questions regarding FluxTubes, HysteresisModelComparison",https://github.com/modelica/ModelicaStandardLibrary/issues/2248,True,NUMERIC,Possible symptom coverage only,Issue/discussion capability assessment; no execution verdict,3,Domain/Numeric/Solver/AssertSan may observe a reached failure; no executed issue-specific hit is established here.,Flux/state scaling can impair solver accuracy; need normalized residuals and Jacobian conditioning rather than a sign/range heuristic.,"F6: scaled residual/rank/conditioning, progress budgets and high-precision error oracles.",False
2259,What is the purpose of Modelica.Utilities.Files.list?,https://github.com/modelica/ModelicaStandardLibrary/issues/2259,True,DOCUMENTATION,Outside numerical scope,Issue/discussion capability assessment; no execution verdict,4,None for the requested editorial/graphical change.,Files.list purpose/API explanation is needed before defining a failure criterion.,"Documentation, diagram, link and source-style validation.",False
2302,Use consistent units in Modelica.Electrical.Spice3,https://github.com/modelica/ModelicaStandardLibrary/issues/2302,True,UNIT,Partial dimensional capability,Issue/discussion capability assessment; no execution verdict,4,DimensionSan can flag known incompatible additive/relational units; this row has no demonstrated hit.,"Spice3 unit consistency spans declarations and equations; current DimensionSan has incomplete call, power and assignment coverage.","F7: unit propagation through bindings, calls, powers and quantity/conversion metadata.",False
2333,Cleaning up multiple Release notes,https://github.com/modelica/ModelicaStandardLibrary/issues/2333,True,DOCUMENTATION,Outside numerical scope,Issue/discussion capability assessment; no execution verdict,2,None for the requested editorial/graphical change.,Release-note cleanup is editorial consistency work.,"Documentation, diagram, link and source-style validation.",False
2346,Remove transparency from group images,https://github.com/modelica/ModelicaStandardLibrary/issues/2346,True,DOCUMENTATION,Outside numerical scope,Issue/discussion capability assessment; no execution verdict,5,None for the requested editorial/graphical change.,Image transparency is graphical asset work.,"Documentation, diagram, link and source-style validation.",False
2347,Missing comments and units for variables in Modelica.Electrical.Analog.Semiconductors.Thyristor,https://github.com/modelica/ModelicaStandardLibrary/issues/2347,True,UNIT,Partial dimensional capability,Issue/discussion capability assessment; no execution verdict,2,DimensionSan can flag known incompatible additive/relational units; this row has no demonstrated hit.,Missing Thyristor units/comments require source declaration coverage and dimensional contracts; unknown units are not detected mismatches.,"F7: unit propagation through bindings, calls, powers and quantity/conversion metadata.",False
2348,Unused parameter IDRM (for the saturation current) in Modelica.Electrical.Analog.Semiconductors.Thyristor,https://github.com/modelica/ModelicaStandardLibrary/issues/2348,True,CONTRACT,Semantic oracle needed,Issue/discussion capability assessment; no execution verdict,1,Finite plausible wrong results generally pass numeric/domain checks; generic physical checks do not encode this contract.,Unused IDRM parameter needs dependency/influence testing against the specified saturation-current behavior.,"F4/F8: API metamorphic, analytic, thermodynamic or component-specific physical contracts.",False
2350,Reference result for Modelica.Electrical.Analog.Examples.AD_DA_conversion lacks periodicity,https://github.com/modelica/ModelicaStandardLibrary/issues/2350,True,REFERENCE,Test/reference validation needed,Issue/discussion capability assessment; no execution verdict,16,"DifferentialSan can compare traces, but a disagreement is not proof and current alignment is inadequate.",Nonperiodic AD_DA reference needs a discrete-time/steady-period oracle; the stored reference cannot automatically be treated as ground truth.,"F5: reference metadata, meaningful signals, event alignment and mixed tolerances.",False
2389,Development of a generic and portable FMU import block,https://github.com/modelica/ModelicaStandardLibrary/issues/2389,True,EXTERNAL,External/platform scope,Issue/discussion capability assessment; no execution verdict,12,"Modelica numerical sanitizers do not validate platform, file, C ABI or FMI protocols.",A portable FMU import block requires FMI lifecycle and platform integration capabilities.,"F9: platform CI, C/ABI/resource instrumentation, file and FMI contract tests.",False
2413,Simpler Modelica.Fluid.Machines.ControlledPump,https://github.com/modelica/ModelicaStandardLibrary/issues/2413,True,NUMERIC,Possible symptom coverage only,Issue/discussion capability assessment; no execution verdict,0,Domain/Numeric/Solver/AssertSan may observe a reached failure; no executed issue-specific hit is established here.,Unused pump-characteristic calculations can add difficult nonlinear equations; require dependency slicing and legal-parameter perturbations.,"F6: scaled residual/rank/conditioning, progress budgets and high-precision error oracles.",False
2431,Bad class names in Modelica.Mechanics,https://github.com/modelica/ModelicaStandardLibrary/issues/2431,True,DOCUMENTATION,Outside numerical scope,Issue/discussion capability assessment; no execution verdict,0,None for the requested editorial/graphical change.,Mechanics class names need naming policy and conversion validation.,"Documentation, diagram, link and source-style validation.",False
2455,Complex numbers (and other classes) do no show documentation string in Variables Browser,https://github.com/modelica/ModelicaStandardLibrary/issues/2455,True,DOCUMENTATION,Outside numerical scope,Issue/discussion capability assessment; no execution verdict,4,None for the requested editorial/graphical change.,Missing browser documentation strings require frontend/UI metadata checks.,"Documentation, diagram, link and source-style validation.",False
2460,Shorten names of sensor models,https://github.com/modelica/ModelicaStandardLibrary/issues/2460,True,DOCUMENTATION,Outside numerical scope,Issue/discussion capability assessment; no execution verdict,6,None for the requested editorial/graphical change.,Shorter sensor names are an API naming/conversion proposal.,"Documentation, diagram, link and source-style validation.",False
2481,"Discrepances in position, size and color of connectors' names",https://github.com/modelica/ModelicaStandardLibrary/issues/2481,True,DOCUMENTATION,Outside numerical scope,Issue/discussion capability assessment; no execution verdict,1,None for the requested editorial/graphical change.,Connector-label placement/color discrepancies need diagram/style validation.,"Documentation, diagram, link and source-style validation.",False
2482,MultiBody models have a problem with StateSelect.always/never,https://github.com/modelica/ModelicaStandardLibrary/issues/2482,True,FRONTEND,Source/compiler analysis needed,Issue/discussion capability assessment; no execution verdict,2,Flattened numerical sanitizers do not implement these language/binding/effect checks.,StateSelect.always/never constraints need compiler/state-selection validation; flattened structural matching is not the same check.,"F2/F3: source-aware binding, definite assignment, effects, local balance and compiler support.",False
2485,Rename parameters of Modelica.Mechanics.MultiBody.Visualizers.Plane,https://github.com/modelica/ModelicaStandardLibrary/issues/2485,True,DOCUMENTATION,Outside numerical scope,Issue/discussion capability assessment; no execution verdict,5,None for the requested editorial/graphical change.,Plane parameter renaming requires API migration checks.,"Documentation, diagram, link and source-style validation.",False
2512,Questionable initialScale in some Blocks,https://github.com/modelica/ModelicaStandardLibrary/issues/2512,True,DOCUMENTATION,Outside numerical scope,Issue/discussion capability assessment; no execution verdict,3,None for the requested editorial/graphical change.,"initialScale controls icon size, not numerical initialization; this is graphical consistency work.","Documentation, diagram, link and source-style validation.",False
2519,Including figures in HTML documentation,https://github.com/modelica/ModelicaStandardLibrary/issues/2519,True,DOCUMENTATION,Outside numerical scope,Issue/discussion capability assessment; no execution verdict,13,None for the requested editorial/graphical change.,HTML figure inclusion needs documentation rendering/link validation.,"Documentation, diagram, link and source-style validation.",False
2534,Replace Modelica.Mechanics.MultiBody.Interfaces.PartialAbsoluteSensor,https://github.com/modelica/ModelicaStandardLibrary/issues/2534,True,ENHANCEMENT,Feature/design request,Issue/discussion capability assessment; no execution verdict,5,No detection claim: requested behavior/API must first be specified.,Replacing PartialAbsoluteSensor is interface/refactoring work.,"API design, compatibility and targeted regression tests.",False
2554,FluidHeatFlow: Enhancement of piston model and pump model,https://github.com/modelica/ModelicaStandardLibrary/issues/2554,True,ENHANCEMENT,Feature/design request,Issue/discussion capability assessment; no execution verdict,2,No detection claim: requested behavior/API must first be specified.,Piston/pump enhancements need explicitly specified additional physical behavior.,"API design, compatibility and targeted regression tests.",False
2556,Redesign FreeMotionScalarInit to not influence dynamic simulation when no states are selected,https://github.com/modelica/ModelicaStandardLibrary/issues/2556,True,FRONTEND,Source/compiler analysis needed,Issue/discussion capability assessment; no execution verdict,5,Flattened numerical sanitizers do not implement these language/binding/effect checks.,FreeMotionScalarInit constraints should not affect dynamics when states are not selected; preserve state-selection semantics through lowering.,"F2/F3: source-aware binding, definite assignment, effects, local balance and compiler support.",False
2574,Potentially illegal conditional components in Fluid.Vessels,https://github.com/modelica/ModelicaStandardLibrary/issues/2574,True,SHAPE,Shape analysis needed,Issue/discussion capability assessment; no execution verdict,4,"DimensionSan checks SI units, not array dimensions. No interprocedural extent/bounds detector.",Conditional Fluid components and zero port arrays require language elaboration/array-shape checks before numerical analysis.,"F2: shape contracts, reduced/full representations and runtime bounds provenance.",False
2603,New library for generation of images in documentation,https://github.com/modelica/ModelicaStandardLibrary/issues/2603,True,DOCUMENTATION,Outside numerical scope,Issue/discussion capability assessment; no execution verdict,6,None for the requested editorial/graphical change.,Generating documentation images requires a rendering/tooling workflow.,"Documentation, diagram, link and source-style validation.",False
2609,Clarify purpose of protected top-level connectors,https://github.com/modelica/ModelicaStandardLibrary/issues/2609,True,DOCUMENTATION,Outside numerical scope,Issue/discussion capability assessment; no execution verdict,0,None for the requested editorial/graphical change.,Protected top-level connector purpose needs source/API documentation clarification.,"Documentation, diagram, link and source-style validation.",False
2629,Proper location of adaptors,https://github.com/modelica/ModelicaStandardLibrary/issues/2629,True,ENHANCEMENT,Feature/design request,Issue/discussion capability assessment; no execution verdict,8,No detection claim: requested behavior/API must first be specified.,Adaptor package location is library organization work.,"API design, compatibility and targeted regression tests.",False
2633,Missing variable comments of Modelica.Electrical.Analog.Basic.OpAmpDetailed,https://github.com/modelica/ModelicaStandardLibrary/issues/2633,True,DOCUMENTATION,Outside numerical scope,Issue/discussion capability assessment; no execution verdict,2,None for the requested editorial/graphical change.,OpAmpDetailed missing variable comments need documentation completeness checks.,"Documentation, diagram, link and source-style validation.",False
2672,Abrupt adaptor,https://github.com/modelica/ModelicaStandardLibrary/issues/2672,True,CONTRACT,Semantic oracle needed,Issue/discussion capability assessment; no execution verdict,4,Finite plausible wrong results generally pass numeric/domain checks; generic physical checks do not encode this contract.,Reverse-flow abrupt-adaptor failure is tied in comments to always-negative pressure-loss values; test both flow directions against the intended loss law.,"F4/F8: API metamorphic, analytic, thermodynamic or component-specific physical contracts.",False
2680,Missing test / example models for relative sensors of FluidHeatFlow,https://github.com/modelica/ModelicaStandardLibrary/issues/2680,True,REFERENCE,Test/reference validation needed,Issue/discussion capability assessment; no execution verdict,1,"DifferentialSan can compare traces, but a disagreement is not proof and current alignment is inadequate.",FluidHeatFlow relative-sensor examples are missing; add known-signal test fixtures.,"F5: reference metadata, meaningful signals, event alignment and mixed tolerances.",False
2681,"Missing test / example models for RelTemperatureSensor, HeatFlowSensor and ConditionalFixedHeatFlowSensor of HeatTransfer",https://github.com/modelica/ModelicaStandardLibrary/issues/2681,True,REFERENCE,Test/reference validation needed,Issue/discussion capability assessment; no execution verdict,1,"DifferentialSan can compare traces, but a disagreement is not proof and current alignment is inadequate.",HeatTransfer sensor test coverage is missing; use known thermal-network fixtures.,"F5: reference metadata, meaningful signals, event alignment and mixed tolerances.",False
2694,Add more spelling terms,https://github.com/modelica/ModelicaStandardLibrary/issues/2694,True,DOCUMENTATION,Outside numerical scope,Issue/discussion capability assessment; no execution verdict,8,None for the requested editorial/graphical change.,Spelling dictionary additions need text/style tooling.,"Documentation, diagram, link and source-style validation.",False
2695,Sorting PNG files (figures) in Resources/Images,https://github.com/modelica/ModelicaStandardLibrary/issues/2695,True,DOCUMENTATION,Outside numerical scope,Issue/discussion capability assessment; no execution verdict,6,None for the requested editorial/graphical change.,Image file organization is asset maintenance.,"Documentation, diagram, link and source-style validation.",False
2717,Poor scaling of curve parameter s in Modelica.Fluid.Interfaces.PartialLumpedVolume,https://github.com/modelica/ModelicaStandardLibrary/issues/2717,True,NUMERIC,Possible symptom coverage only,Issue/discussion capability assessment; no execution verdict,6,Domain/Numeric/Solver/AssertSan may observe a reached failure; no executed issue-specific hit is established here.,Lumped-volume curve parameter scaling and zero-volume limits need scaled residual/Jacobian diagnostics and legal boundary tests.,"F6: scaled residual/rank/conditioning, progress budgets and high-precision error oracles.",False
2749,Use ellipses in documentation,https://github.com/modelica/ModelicaStandardLibrary/issues/2749,True,DOCUMENTATION,Outside numerical scope,Issue/discussion capability assessment; no execution verdict,4,None for the requested editorial/graphical change.,Ellipsis typography belongs to documentation style checks.,"Documentation, diagram, link and source-style validation.",False
2751,Use non-breaking space in documentation,https://github.com/modelica/ModelicaStandardLibrary/issues/2751,True,DOCUMENTATION,Outside numerical scope,Issue/discussion capability assessment; no execution verdict,0,None for the requested editorial/graphical change.,Nonbreaking spaces belong to documentation rendering/style checks.,"Documentation, diagram, link and source-style validation.",False
2766,Issues regarding DC machines,https://github.com/modelica/ModelicaStandardLibrary/issues/2766,True,UNRESOLVED,Not established,Issue/discussion capability assessment; no execution verdict,2,No defensible defect/detectability verdict from the current evidence; do not count as clean or missed.,DC-machine usage/connection assumptions must be resolved before blaming the component; an out-of-contract setup is not an independent bug.,Resolve the stated contract/version/reproducer uncertainty; then choose an oracle.,False
2776,Modelica.Mechanics.MultiBody.Frames.from_nxz calculation of w,https://github.com/modelica/ModelicaStandardLibrary/issues/2776,True,ENHANCEMENT,Feature/design request,Issue/discussion capability assessment; no execution verdict,14,No detection claim: requested behavior/API must first be specified.,"from_nxz constructs a fixed orientation, for which zero angular velocity is intentional; a moving-frame API is a separate feature.","API design, compatibility and targeted regression tests.",False
2781,Missing test for Modelica.Media.IdealGases.Common.MixtureGasNasa.mixtureViscosityChung,https://github.com/modelica/ModelicaStandardLibrary/issues/2781,True,REFERENCE,Test/reference validation needed,Issue/discussion capability assessment; no execution verdict,0,"DifferentialSan can compare traces, but a disagreement is not proof and current alignment is inadequate.",mixtureViscosityChung needs a reference-data/function test; absent coverage is not an observed numerical defect.,"F5: reference metadata, meaningful signals, event alignment and mixed tolerances.",False
2795,Spice3: documentation for MOSFET seems wrong,https://github.com/modelica/ModelicaStandardLibrary/issues/2795,True,DOCUMENTATION,Outside numerical scope,Issue/discussion capability assessment; no execution verdict,1,None for the requested editorial/graphical change.,MOSFET documentation needs comparison to the implemented device equations and cited model.,"Documentation, diagram, link and source-style validation.",False
2815,Moist air at very low temperatures,https://github.com/modelica/ModelicaStandardLibrary/issues/2815,True,NUMERIC,Possible symptom coverage only,Issue/discussion capability assessment; no execution verdict,6,Domain/Numeric/Solver/AssertSan may observe a reached failure; no executed issue-specific hit is established here.,Low-temperature moist-air logarithm failures can occur on internal solver trial states; DomainSan symptoms must retain trial/accepted-state provenance.,"F6: scaled residual/rank/conditioning, progress budgets and high-precision error oracles.",False
2831,Equal-block missing in Modelica.Blocks.Logical,https://github.com/modelica/ModelicaStandardLibrary/issues/2831,True,ENHANCEMENT,Feature/design request,Issue/discussion capability assessment; no execution verdict,1,No detection claim: requested behavior/API must first be specified.,An Equal logical block is a missing API feature.,"API design, compatibility and targeted regression tests.",False
2836,Update PRNGs in ModelicaRandom.c?,https://github.com/modelica/ModelicaStandardLibrary/issues/2836,True,ENHANCEMENT,Feature/design request,Issue/discussion capability assessment; no execution verdict,4,No detection claim: requested behavior/API must first be specified.,PRNG replacement requires reproducibility and statistical-quality criteria; generic trace determinism is insufficient.,"API design, compatibility and targeted regression tests.",False
2907,Clarification of some rules within UsersGuide.Conventions,https://github.com/modelica/ModelicaStandardLibrary/issues/2907,True,DOCUMENTATION,Outside numerical scope,Issue/discussion capability assessment; no execution verdict,1,None for the requested editorial/graphical change.,UsersGuide convention rules need editorial clarification.,"Documentation, diagram, link and source-style validation.",False
2913,Electrical.Spice3 - Complete model compatibility to Berkeley Spice3,https://github.com/modelica/ModelicaStandardLibrary/issues/2913,True,CONTRACT,Semantic oracle needed,Issue/discussion capability assessment; no execution verdict,0,Finite plausible wrong results generally pass numeric/domain checks; generic physical checks do not encode this contract.,"Berkeley Spice3 compatibility requires a versioned external behavioral corpus, not universal numerical safety rules.","F4/F8: API metamorphic, analytic, thermodynamic or component-specific physical contracts.",False
2921,Missing derivative annotation pointing to MixtureGasNasa.h_TX_der?,https://github.com/modelica/ModelicaStandardLibrary/issues/2921,True,ENHANCEMENT,Feature/design request,Issue/discussion capability assessment; no execution verdict,7,No detection claim: requested behavior/API must first be specified.,Derivative annotations may help tools but can be redundant with automatic differentiation; missing annotation alone is not a wrong-result bug.,"API design, compatibility and targeted regression tests.",False
2931,Proposal: Styling Guidelines of Modelica Code and Variables,https://github.com/modelica/ModelicaStandardLibrary/issues/2931,True,DOCUMENTATION,Outside numerical scope,Issue/discussion capability assessment; no execution verdict,2,None for the requested editorial/graphical change.,Code/variable styling guidelines need source/style tooling.,"Documentation, diagram, link and source-style validation.",False
2935,Friction model in Modelica.Thermal.FluidHeatFlow,https://github.com/modelica/ModelicaStandardLibrary/issues/2935,True,ENHANCEMENT,Feature/design request,Issue/discussion capability assessment; no execution verdict,0,No detection claim: requested behavior/API must first be specified.,Replaceable friction and geometric/Reynolds formulations extend FluidHeatFlow modeling flexibility.,"API design, compatibility and targeted regression tests.",False
2938,Add flexible beam component to the MultiBody library,https://github.com/modelica/ModelicaStandardLibrary/issues/2938,True,ENHANCEMENT,Feature/design request,Issue/discussion capability assessment; no execution verdict,2,No detection claim: requested behavior/API must first be specified.,Flexible beam is a requested additional physical model.,"API design, compatibility and targeted regression tests.",False
2941,Initialization of bearingFriction.sa in RobotR3.oneAxis,https://github.com/modelica/ModelicaStandardLibrary/issues/2941,True,INIT,Possible initialization symptom only,Issue/discussion capability assessment; no execution verdict,5,"InitSan/InitStaticSan/StructureSan and SolverSan can expose candidates or failures, not prove the reported root cause.",bearingFriction branch guesses can make initialization singular; need branch-aware initialization and actual rank/residual evidence.,"F6: branch/homotopy-aware initialization with numerical rank, binding and residual evidence.",False
2946,Revise documentation on (and possibly implementation of) StateSelection,https://github.com/modelica/ModelicaStandardLibrary/issues/2946,True,DOCUMENTATION,Outside numerical scope,Issue/discussion capability assessment; no execution verdict,2,None for the requested editorial/graphical change.,StateSelection guidance needs alignment with actual language/compiler behavior.,"Documentation, diagram, link and source-style validation.",False
2964,Triac model,https://github.com/modelica/ModelicaStandardLibrary/issues/2964,True,UNRESOLVED,Not established,Issue/discussion capability assessment; no execution verdict,5,No defensible defect/detectability verdict from the current evidence; do not count as clean or missed.,Triac idealization and firing behavior remain a model-contract question; require an agreed switching truth table before judging results.,Resolve the stated contract/version/reproducer uncertainty; then choose an oracle.,False
2969,NaN issue in model for kc_roundTube,https://github.com/modelica/ModelicaStandardLibrary/issues/2969,True,NUMERIC,Possible symptom coverage only,Issue/discussion capability assessment; no execution verdict,16,Domain/Numeric/Solver/AssertSan may observe a reached failure; no executed issue-specific hit is established here.,"kc_roundTube NaN discussion evolves from log/Re hypotheses to uninitialized outputs; use version-specific reproduction, not the earliest explanation alone.","F6: scaled residual/rank/conditioning, progress budgets and high-precision error oracles.",False
2990,Missing User's Guides,https://github.com/modelica/ModelicaStandardLibrary/issues/2990,True,DOCUMENTATION,Outside numerical scope,Issue/discussion capability assessment; no execution verdict,6,None for the requested editorial/graphical change.,Missing user guides require documentation coverage and authorship.,"Documentation, diagram, link and source-style validation.",False
3060,Code / Formatting guidelines checker,https://github.com/modelica/ModelicaStandardLibrary/issues/3060,True,DOCUMENTATION,Outside numerical scope,Issue/discussion capability assessment; no execution verdict,8,None for the requested editorial/graphical change.,Formatting checker is a source lint tool request.,"Documentation, diagram, link and source-style validation.",False
3098,Nonphysical pump behavior vs gravity change,https://github.com/modelica/ModelicaStandardLibrary/issues/3098,True,CONTRACT,Semantic oracle needed,Issue/discussion capability assessment; no execution verdict,5,Finite plausible wrong results generally pass numeric/domain checks; generic physical checks do not encode this contract.,Gravity-dependent pump behavior needs a metamorphic gravity/head contract with boundary conditions and physical reference held consistent.,"F4/F8: API metamorphic, analytic, thermodynamic or component-specific physical contracts.",False
3122,Possibly switch Modelica documentation from HTML to Markdown,https://github.com/modelica/ModelicaStandardLibrary/issues/3122,True,DOCUMENTATION,Outside numerical scope,Issue/discussion capability assessment; no execution verdict,8,None for the requested editorial/graphical change.,Markdown versus HTML is an authoring/rendering workflow decision.,"Documentation, diagram, link and source-style validation.",False
3124,Possible discrepancy between parameter values in reference book vs function implementation in Modelica.Fluid.Dissipation.PressureLoss.Bend.dp_edgedOverall_DP,https://github.com/modelica/ModelicaStandardLibrary/issues/3124,True,UNRESOLVED,Not established,Issue/discussion capability assessment; no execution verdict,9,No defensible defect/detectability verdict from the current evidence; do not count as clean or missed.,Bend-loss coefficients allegedly differ from a handbook; determine the matching correlation/regime/reference before asserting a defect.,Resolve the stated contract/version/reproducer uncertainty; then choose an oracle.,False
3125,Connector appearance and naming harmonisation in MSL 4.0.0,https://github.com/modelica/ModelicaStandardLibrary/issues/3125,True,DOCUMENTATION,Outside numerical scope,Issue/discussion capability assessment; no execution verdict,2,None for the requested editorial/graphical change.,Connector appearance/naming harmonization requires graphical and API style checks.,"Documentation, diagram, link and source-style validation.",False
3140,Initialization of BranchingDynamicPipes with homotopy methods failing,https://github.com/modelica/ModelicaStandardLibrary/issues/3140,True,INIT,Possible initialization symptom only,Issue/discussion capability assessment; no execution verdict,7,"InitSan/InitStaticSan/StructureSan and SolverSan can expose candidates or failures, not prove the reported root cause.",BranchingDynamicPipes homotopy failure needs continuation and initialization conditioning diagnostics; solver/assertion failures alone do not locate the cause.,"F6: branch/homotopy-aware initialization with numerical rank, binding and residual evidence.",False
3145,Change name to loadResource,https://github.com/modelica/ModelicaStandardLibrary/issues/3145,True,DOCUMENTATION,Outside numerical scope,Issue/discussion capability assessment; no execution verdict,11,None for the requested editorial/graphical change.,loadResource naming is API naming/conversion work.,"Documentation, diagram, link and source-style validation.",False
3158,FixedRotation uses the non SI unit Angle_deg,https://github.com/modelica/ModelicaStandardLibrary/issues/3158,True,UNIT,Partial dimensional capability,Issue/discussion capability assessment; no execution verdict,5,DimensionSan can flag known incompatible additive/relational units; this row has no demonstrated hit.,Angle_deg versus SI API refactoring requires conversion semantics and compatibility; degrees are not inherently invalid units.,"F7: unit propagation through bindings, calls, powers and quantity/conversion metadata.",False
3168,Missing concept for handling the initial conditions of capacitances,https://github.com/modelica/ModelicaStandardLibrary/issues/3168,True,ENHANCEMENT,Feature/design request,Issue/discussion capability assessment; no execution verdict,4,No detection claim: requested behavior/API must first be specified.,Capacitance initial-condition handling is an API/convention proposal; test agreed semantics after the interface is specified.,"API design, compatibility and targeted regression tests.",False
3241,Reference angle of Magnetic.QuasiStatic.FundamentalWave,https://github.com/modelica/ModelicaStandardLibrary/issues/3241,True,INIT,Possible initialization symptom only,Issue/discussion capability assessment; no execution verdict,0,"InitSan/InitStaticSan/StructureSan and SolverSan can expose candidates or failures, not prove the reported root cause.",Stator/rotor reference-angle constraints require phase-aware initialization consistency; structural warnings alone may not establish numerical rank.,"F6: branch/homotopy-aware initialization with numerical rank, binding and residual evidence.",False
3305,Naming of analog sources,https://github.com/modelica/ModelicaStandardLibrary/issues/3305,True,DOCUMENTATION,Outside numerical scope,Issue/discussion capability assessment; no execution verdict,2,None for the requested editorial/graphical change.,Analog-source names require naming convention review.,"Documentation, diagram, link and source-style validation.",False
3359,Further improvements of FluxTubes,https://github.com/modelica/ModelicaStandardLibrary/issues/3359,True,ENHANCEMENT,Feature/design request,Issue/discussion capability assessment; no execution verdict,0,No detection claim: requested behavior/API must first be specified.,FluxTubes improvements are a broad development request; evaluate concrete subchanges separately.,"API design, compatibility and targeted regression tests.",False
3362,Rename base classes with support flange,https://github.com/modelica/ModelicaStandardLibrary/issues/3362,True,DOCUMENTATION,Outside numerical scope,Issue/discussion capability assessment; no execution verdict,8,None for the requested editorial/graphical change.,Support-flange base-class names require API naming and migration checks.,"Documentation, diagram, link and source-style validation.",False
3374,Replace StateGraph by StateGraph2?,https://github.com/modelica/ModelicaStandardLibrary/issues/3374,True,ENHANCEMENT,Feature/design request,Issue/discussion capability assessment; no execution verdict,8,No detection claim: requested behavior/API must first be specified.,StateGraph2 replacement is an architecture/API migration decision with semantic regression obligations.,"API design, compatibility and targeted regression tests.",False
3387,Use real enumeration in e.g. Modelica.Mechanics.Rotational.Interfaces.PartialFriction!,https://github.com/modelica/ModelicaStandardLibrary/issues/3387,True,FRONTEND,Source/compiler analysis needed,Issue/discussion capability assessment; no execution verdict,4,Flattened numerical sanitizers do not implement these language/binding/effect checks.,Replacing integer modes with enumerations improves source typing/API; use conversion and elaboration tests.,"F2/F3: source-aware binding, definite assignment, effects, local balance and compiler support.",False
3417,Unnecessary event generation in Modelica.Electrical.Analog.Examples.OpAmps.SignalGenerator,https://github.com/modelica/ModelicaStandardLibrary/issues/3417,True,NUMERIC,Possible symptom coverage only,Issue/discussion capability assessment; no execution verdict,1,Domain/Numeric/Solver/AssertSan may observe a reached failure; no executed issue-specific hit is established here.,Unnecessary events in SignalGenerator are primarily a performance concern; need event-cost profiling and equivalent-trace checks.,"F6: scaled residual/rank/conditioning, progress budgets and high-precision error oracles.",False
3425,Proposal to split Modelica.Blocks into single files,https://github.com/modelica/ModelicaStandardLibrary/issues/3425,True,ENHANCEMENT,Feature/design request,Issue/discussion capability assessment; no execution verdict,4,No detection claim: requested behavior/API must first be specified.,Splitting Blocks into files is source organization work.,"API design, compatibility and targeted regression tests.",False
3430,Dissipation library contains Icon classes without icon definitions,https://github.com/modelica/ModelicaStandardLibrary/issues/3430,True,DOCUMENTATION,Outside numerical scope,Issue/discussion capability assessment; no execution verdict,0,None for the requested editorial/graphical change.,Empty icon classes need icon/diagram metadata validation.,"Documentation, diagram, link and source-style validation.",False
3460,Delay blocks do not belong to Blocks.Nonlinear,https://github.com/modelica/ModelicaStandardLibrary/issues/3460,True,DOCUMENTATION,Outside numerical scope,Issue/discussion capability assessment; no execution verdict,7,None for the requested editorial/graphical change.,Delay-block package placement is categorization/API organization.,"Documentation, diagram, link and source-style validation.",False
3477,Reference trajectories of chaotic systems should be limited to a short interval,https://github.com/modelica/ModelicaStandardLibrary/issues/3477,True,REFERENCE,Test/reference validation needed,Issue/discussion capability assessment; no execution verdict,1,"DifferentialSan can compare traces, but a disagreement is not proof and current alignment is inadequate.",Chaotic systems need shorter comparison horizons or statistical/invariant checks; long-time pointwise divergence is not sufficient defect evidence.,"F5: reference metadata, meaningful signals, event alignment and mixed tolerances.",False
3481,Question concerning the triple point of water,https://github.com/modelica/ModelicaStandardLibrary/issues/3481,True,ENHANCEMENT,Feature/design request,Issue/discussion capability assessment; no execution verdict,1,No detection claim: requested behavior/API must first be specified.,Solid/ice behavior at the water triple point is outside the supported medium model; extending phase support is a feature request.,"API design, compatibility and targeted regression tests.",False
3545,Use unbounded=true attribute in mechanical interfaces?,https://github.com/modelica/ModelicaStandardLibrary/issues/3545,True,NUMERIC,Possible symptom coverage only,Issue/discussion capability assessment; no execution verdict,4,Domain/Numeric/Solver/AssertSan may observe a reached failure; no executed issue-specific hit is established here.,Unbounded angle metadata changes error scaling; accuracy/solver-cost tradeoffs need explicit tolerance experiments.,"F6: scaled residual/rank/conditioning, progress budgets and high-precision error oracles.",False
3546,default value for from_dp switch in PartialGenericPipeFlow (Modelica.Fluid),https://github.com/modelica/ModelicaStandardLibrary/issues/3546,True,ENHANCEMENT,Feature/design request,Issue/discussion capability assessment; no execution verdict,0,No detection claim: requested behavior/API must first be specified.,Changing from_dp defaults targets nonlinear-system complexity; validate performance and physical equivalence rather than assume a numerical bug.,"API design, compatibility and targeted regression tests.",False
3557,"Request for one-sided spring, which would act as wire",https://github.com/modelica/ModelicaStandardLibrary/issues/3557,True,ENHANCEMENT,Feature/design request,Issue/discussion capability assessment; no execution verdict,8,No detection claim: requested behavior/API must first be specified.,A wire-like one-sided spring is a new constitutive model requiring a unilateral-force contract.,"API design, compatibility and targeted regression tests.",False
3561,Keyword highlighting in code segments,https://github.com/modelica/ModelicaStandardLibrary/issues/3561,True,DOCUMENTATION,Outside numerical scope,Issue/discussion capability assessment; no execution verdict,0,None for the requested editorial/graphical change.,Syntax highlighting is documentation rendering work.,"Documentation, diagram, link and source-style validation.",False
3569,Pressure drop in Modelica.Fluid.Pipes.DynamicPipe when dynamic momentum balance is taken into account,https://github.com/modelica/ModelicaStandardLibrary/issues/3569,True,CONTRACT,Semantic oracle needed,Issue/discussion capability assessment; no execution verdict,2,Finite plausible wrong results generally pass numeric/domain checks; generic physical checks do not encode this contract.,DynamicPipe momentum pressure-drop claim needs discretization/refinement and conservation or analytic-solution checks.,"F4/F8: API metamorphic, analytic, thermodynamic or component-specific physical contracts.",False
3581,kg symbol of SIunits package,https://github.com/modelica/ModelicaStandardLibrary/issues/3581,True,DOCUMENTATION,Outside numerical scope,Issue/discussion capability assessment; no execution verdict,12,None for the requested editorial/graphical change.,SIunits package icon typography is graphical presentation.,"Documentation, diagram, link and source-style validation.",False
3601,Support for n-Dimensional arrays in IO functions using HDF5 file format,https://github.com/modelica/ModelicaStandardLibrary/issues/3601,True,EXTERNAL,External/platform scope,Issue/discussion capability assessment; no execution verdict,2,"Modelica numerical sanitizers do not validate platform, file, C ABI or FMI protocols.",HDF5 multidimensional I/O is a format/API feature; requires shape-preserving I/O round-trip tests.,"F9: platform CI, C/ABI/resource instrumentation, file and FMI contract tests.",False
3611,Absence of FluidPower2MechTrans in Fluid library,https://github.com/modelica/ModelicaStandardLibrary/issues/3611,True,ENHANCEMENT,Feature/design request,Issue/discussion capability assessment; no execution verdict,5,No detection claim: requested behavior/API must first be specified.,Fluid-to-translational power conversion is a missing component capability.,"API design, compatibility and targeted regression tests.",False
3624,Bug in the initial equation of Blocks.Sources.BooleanPulse,https://github.com/modelica/ModelicaStandardLibrary/issues/3624,True,EVENT,Temporal oracle needed,Issue-derived OMC witness; ModelSan path blocked; no detection credit,0,Executed probe blocked before relevant ModelSan observation; unrelated static warnings are not hits.,OMC phase-equivalent controls reproduce the pulse-initialization discrepancy; Rumoca event execution is blocked. See focused-results.md.,F3/F4: supported event/clock execution plus state-machine and sample-history contracts.,False
3635,"Add annotation ""unbounded"" to 1D mechanical sources",https://github.com/modelica/ModelicaStandardLibrary/issues/3635,True,NUMERIC,Possible symptom coverage only,Issue/discussion capability assessment; no execution verdict,4,Domain/Numeric/Solver/AssertSan may observe a reached failure; no executed issue-specific hit is established here.,Unbounded attributes on mechanical sources affect error scaling; no generic range violation proves the requested improvement.,"F6: scaled residual/rank/conditioning, progress budgets and high-precision error oracles.",False
3653,"Internal comments left over in Modelica.Media.Water.IF97_Utilities.BaseIF97.Regions.{hl_p_R4b, sv_p_R4b}",https://github.com/modelica/ModelicaStandardLibrary/issues/3653,True,DOCUMENTATION,Outside numerical scope,Issue/discussion capability assessment; no execution verdict,6,None for the requested editorial/graphical change.,Leftover internal IF97 comments require editorial/source cleanup.,"Documentation, diagram, link and source-style validation.",False
3655,ModelicaServices.ExternalReferences.loadResource violates purity rules,https://github.com/modelica/ModelicaStandardLibrary/issues/3655,True,FRONTEND,Source/compiler analysis needed,Issue/discussion capability assessment; no execution verdict,2,Flattened numerical sanitizers do not implement these language/binding/effect checks.,loadResource purity violation needs source effect analysis across ModelicaServices/external calls.,"F2/F3: source-aware binding, definite assignment, effects, local balance and compiler support.",False
3671,Validity of clocked signals in reference results,https://github.com/modelica/ModelicaStandardLibrary/issues/3671,True,REFERENCE,Test/reference validation needed,Issue/discussion capability assessment; no execution verdict,6,"DifferentialSan can compare traces, but a disagreement is not proof and current alignment is inadequate.","Clocked signal references need clock phase, sample instant and hold semantics; pointwise unaligned traces are unsafe oracles.","F5: reference metadata, meaningful signals, event alignment and mixed tolerances.",False
3672,Gas Expansion factor in ValveCompressible,https://github.com/modelica/ModelicaStandardLibrary/issues/3672,True,DOCUMENTATION,Outside numerical scope,Issue/discussion capability assessment; no execution verdict,0,None for the requested editorial/graphical change.,Expansion factor is called compressibility factor; reporter states there is no code impact.,"Documentation, diagram, link and source-style validation.",False
3680,Quality of DynamicPipeClosingValve reference result,https://github.com/modelica/ModelicaStandardLibrary/issues/3680,True,REFERENCE,Test/reference validation needed,Issue/discussion capability assessment; no execution verdict,2,"DifferentialSan can compare traces, but a disagreement is not proof and current alignment is inadequate.",DynamicPipeClosingValve reference quality needs solver refinement and invariant checks before treating reference differences as defects.,"F5: reference metadata, meaningful signals, event alignment and mixed tolerances.",False
3687,Functions returning uninitialized fields,https://github.com/modelica/ModelicaStandardLibrary/issues/3687,True,FRONTEND,Source/compiler analysis needed,Issue/discussion capability assessment; no execution verdict,5,Flattened numerical sanitizers do not implement these language/binding/effect checks.,"Umbrella includes record fields (overlaps #1910), empty arrays and Spice cases; retain subcases and use definite-assignment/shape analyses.","F2/F3: source-aware binding, definite assignment, effects, local balance and compiler support.",False
3711,New spikes in RectifierCenterTap2mPulse reference results,https://github.com/modelica/ModelicaStandardLibrary/issues/3711,True,REFERENCE,Test/reference validation needed,Issue/discussion capability assessment; no execution verdict,6,"DifferentialSan can compare traces, but a disagreement is not proof and current alignment is inadequate.",Rectifier spikes in reference data need event-aware comparison and a physical switching oracle; the reference may be wrong.,"F5: reference metadata, meaningful signals, event alignment and mixed tolerances.",False
3713,Ill-conditioned result variable in Dimmer_RL,https://github.com/modelica/ModelicaStandardLibrary/issues/3713,True,REFERENCE,Test/reference validation needed,Issue/discussion capability assessment; no execution verdict,4,"DifferentialSan can compare traces, but a disagreement is not proof and current alignment is inadequate.",Dimmer_RL comparison variable is ill-conditioned; use stable observables and scaled tolerances.,"F5: reference metadata, meaningful signals, event alignment and mixed tolerances.",False
3714,redundant variable definition in the sub package of Modelica.Fluid.Pipes.BaseClasses.WallFriction,https://github.com/modelica/ModelicaStandardLibrary/issues/3714,True,ENHANCEMENT,Feature/design request,Issue/discussion capability assessment; no execution verdict,1,No detection claim: requested behavior/API must first be specified.,Redundant WallFriction variable is cleanup unless an actual behavior/performance effect is demonstrated.,"API design, compatibility and targeted regression tests.",False
3734,Primary and secondary vs. side 1 and 2,https://github.com/modelica/ModelicaStandardLibrary/issues/3734,True,DOCUMENTATION,Outside numerical scope,Issue/discussion capability assessment; no execution verdict,2,None for the requested editorial/graphical change.,Primary/secondary terminology is naming/documentation policy.,"Documentation, diagram, link and source-style validation.",False
3739,Improve inheritance of classes in MultiBody,https://github.com/modelica/ModelicaStandardLibrary/issues/3739,True,ENHANCEMENT,Feature/design request,Issue/discussion capability assessment; no execution verdict,8,No detection claim: requested behavior/API must first be specified.,MultiBody inheritance improvements require API and elaboration regression checks.,"API design, compatibility and targeted regression tests.",False
3747,Node temperatures of pipe not sufficient for BasicHX,https://github.com/modelica/ModelicaStandardLibrary/issues/3747,True,CONTRACT,Semantic oracle needed,Issue/discussion capability assessment; no execution verdict,4,Finite plausible wrong results generally pass numeric/domain checks; generic physical checks do not encode this contract.,BasicHX temperatures require a mesh-convergence or analytic heat-exchanger oracle; finite temperatures can remain materially inaccurate.,"F4/F8: API metamorphic, analytic, thermodynamic or component-specific physical contracts.",False
3761,Apply 1D Torque to 3D Revolute Joint without torque reaction,https://github.com/modelica/ModelicaStandardLibrary/issues/3761,True,CONTRACT,Semantic oracle needed,Issue/discussion capability assessment; no execution verdict,9,Finite plausible wrong results generally pass numeric/domain checks; generic physical checks do not encode this contract.,1D torque applied to a 3D joint needs support/reaction-frame semantics and total angular-momentum checks.,"F4/F8: API metamorphic, analytic, thermodynamic or component-specific physical contracts.",False
3769,Revision of RevisionHistory,https://github.com/modelica/ModelicaStandardLibrary/issues/3769,True,DOCUMENTATION,Outside numerical scope,Issue/discussion capability assessment; no execution verdict,11,None for the requested editorial/graphical change.,RevisionHistory organization is editorial maintenance.,"Documentation, diagram, link and source-style validation.",False
3772,PowerConverters...Delta: Bad icon and name,https://github.com/modelica/ModelicaStandardLibrary/issues/3772,True,DOCUMENTATION,Outside numerical scope,Issue/discussion capability assessment; no execution verdict,2,None for the requested editorial/graphical change.,Delta icon/name correctness needs diagram and naming checks.,"Documentation, diagram, link and source-style validation.",False
3775,Why should function names start with a lower case letter?,https://github.com/modelica/ModelicaStandardLibrary/issues/3775,True,DOCUMENTATION,Outside numerical scope,Issue/discussion capability assessment; no execution verdict,4,None for the requested editorial/graphical change.,Lowercase function-name policy is a style convention question.,"Documentation, diagram, link and source-style validation.",False
3789,String length of UTF-8 stings,https://github.com/modelica/ModelicaStandardLibrary/issues/3789,True,EXTERNAL,External/platform scope,Issue/discussion capability assessment; no execution verdict,20,"Modelica numerical sanitizers do not validate platform, file, C ABI or FMI protocols.","UTF-8 string length is an encoding/API contract, not numerical-domain safety; test code points/bytes according to the language specification.","F9: platform CI, C/ABI/resource instrumentation, file and FMI contract tests.",False
3793,2D table extrapolation documentation clarification request,https://github.com/modelica/ModelicaStandardLibrary/issues/3793,True,DOCUMENTATION,Outside numerical scope,Issue/discussion capability assessment; no execution verdict,9,None for the requested editorial/graphical change.,2D table extrapolation needs precise API documentation; use documented boundary examples as future contracts.,"Documentation, diagram, link and source-style validation.",False
3795,Modelica.Fluid.Fittings.SimpleGenericOrifice zeta parameter value,https://github.com/modelica/ModelicaStandardLibrary/issues/3795,True,FRONTEND,Source/compiler analysis needed,Issue/discussion capability assessment; no execution verdict,0,Flattened numerical sanitizers do not implement these language/binding/effect checks.,zeta can remain unset in a branch indirectly used by dp_nominal; needs conditional parameter-binding/definite-value analysis.,"F2/F3: source-aware binding, definite assignment, effects, local balance and compiler support.",False
3799,Two AST_BatchPlant examples have no margin of error in initial tank levels,https://github.com/modelica/ModelicaStandardLibrary/issues/3799,True,INIT,Possible initialization symptom only,Issue/discussion capability assessment; no execution verdict,1,"InitSan/InitStaticSan/StructureSan and SolverSan can expose candidates or failures, not prove the reported root cause.",Tank initial levels at a boundary have no error margin; distinguish legal initialization/tolerance robustness from arbitrary illegal perturbations.,"F6: branch/homotopy-aware initialization with numerical rank, binding and residual evidence.",False
3820,skipWhiteSpace under-documented,https://github.com/modelica/ModelicaStandardLibrary/issues/3820,True,DOCUMENTATION,Outside numerical scope,Issue/discussion capability assessment; no execution verdict,3,None for the requested editorial/graphical change.,"skipWhiteSpace behavior needs API documentation/examples, not a numeric sanitizer.","Documentation, diagram, link and source-style validation.",False
3853,Units.LogarithmicDecrement has units of Ohms (1/S).,https://github.com/modelica/ModelicaStandardLibrary/issues/3853,True,UNIT,Partial dimensional capability,Issue/discussion capability assessment; no execution verdict,2,DimensionSan can flag known incompatible additive/relational units; this row has no demonstrated hit.,LogarithmicDecrement has the wrong declared unit; expression checks cannot infer the intended physical quantity from its name.,"F7: unit propagation through bindings, calls, powers and quantity/conversion metadata.",False
3855,Impure function called from pure function MemoryBase.getMemory,https://github.com/modelica/ModelicaStandardLibrary/issues/3855,True,FRONTEND,Source/compiler analysis needed,Issue/discussion capability assessment; no execution verdict,2,Flattened numerical sanitizers do not implement these language/binding/effect checks.,"MemoryBase.getMemory purity requires transitive effect checking, overlapping the broader #4182 audit.","F2/F3: source-aware binding, definite assignment, effects, local balance and compiler support.",False
3856,Calling impure function print from equation section in Inverse_sine example,https://github.com/modelica/ModelicaStandardLibrary/issues/3856,True,FRONTEND,Source/compiler analysis needed,Issue/discussion capability assessment; no execution verdict,6,Flattened numerical sanitizers do not implement these language/binding/effect checks.,Impure print in an equation section is a language/effect-system violation; check source context before flattening.,"F2/F3: source-aware binding, definite assignment, effects, local balance and compiler support.",False
3857,More pure functions that contains calls to impure functions,https://github.com/modelica/ModelicaStandardLibrary/issues/3857,True,FRONTEND,Source/compiler analysis needed,Issue/discussion capability assessment; no execution verdict,0,Flattened numerical sanitizers do not implement these language/binding/effect checks.,Pure functions calling impure functions need a transitive source call graph; overlaps #4182.,"F2/F3: source-aware binding, definite assignment, effects, local balance and compiler support.",False
3858,Suspicious reference result for Modelica.Clocked.Examples.Elementary.ClockSignals.LogicalSample,https://github.com/modelica/ModelicaStandardLibrary/issues/3858,True,REFERENCE,Test/reference validation needed,Issue/discussion capability assessment; no execution verdict,16,"DifferentialSan can compare traces, but a disagreement is not proof and current alignment is inadequate.",LogicalSample reference looks suspicious; overlaps clock/event coincidence discussions #4063 and #4731.,"F5: reference metadata, meaningful signals, event alignment and mixed tolerances.",False
3877,Missing vector * matrix implementation in Complex,https://github.com/modelica/ModelicaStandardLibrary/issues/3877,True,ENHANCEMENT,Feature/design request,Issue/discussion capability assessment; no execution verdict,1,No detection claim: requested behavior/API must first be specified.,Complex vector/matrix multiplication is a missing operator implementation.,"API design, compatibility and targeted regression tests.",False
3883,SweptVolume should have two Translational Flanges,https://github.com/modelica/ModelicaStandardLibrary/issues/3883,True,ENHANCEMENT,Feature/design request,Issue/discussion capability assessment; no execution verdict,19,No detection claim: requested behavior/API must first be specified.,"Second SweptVolume flange is a support/interface enhancement, also discussed in #4153.","API design, compatibility and targeted regression tests.",False
3909,Breaking ModelicaServices cyclic dependency on Modelica,https://github.com/modelica/ModelicaStandardLibrary/issues/3909,True,ENHANCEMENT,Feature/design request,Issue/discussion capability assessment; no execution verdict,36,No detection claim: requested behavior/API must first be specified.,Breaking a ModelicaServices dependency cycle is library architecture/build work.,"API design, compatibility and targeted regression tests.",False
3917,Modelica.Fluid uses non-SI units,https://github.com/modelica/ModelicaStandardLibrary/issues/3917,True,UNIT,Partial dimensional capability,Issue/discussion capability assessment; no execution verdict,0,DimensionSan can flag known incompatible additive/relational units; this row has no demonstrated hit.,Non-SI units in Fluid require conversion/API policy checks; non-SI use is not automatically a dimensional error.,"F7: unit propagation through bindings, calls, powers and quantity/conversion metadata.",False
3925,Release cycle of MSL,https://github.com/modelica/ModelicaStandardLibrary/issues/3925,True,ENHANCEMENT,Feature/design request,Issue/discussion capability assessment; no execution verdict,3,No detection claim: requested behavior/API must first be specified.,"Release cadence is project governance, not model correctness.","API design, compatibility and targeted regression tests.",False
3931,Vector/arrow visualization,https://github.com/modelica/ModelicaStandardLibrary/issues/3931,True,ENHANCEMENT,Feature/design request,Issue/discussion capability assessment; no execution verdict,5,No detection claim: requested behavior/API must first be specified.,Vector/arrow visualization is a rendering capability request.,"API design, compatibility and targeted regression tests.",False
3934,Leftovers in Modelica.Mechanics.MultiBody.World from adding vector visualizer?,https://github.com/modelica/ModelicaStandardLibrary/issues/3934,True,ENHANCEMENT,Feature/design request,Issue/discussion capability assessment; no execution verdict,2,No detection claim: requested behavior/API must first be specified.,World leftovers after vector visualization need dependency/cleanup review.,"API design, compatibility and targeted regression tests.",False
3946,Support Unicode Strings in MSL,https://github.com/modelica/ModelicaStandardLibrary/issues/3946,True,EXTERNAL,External/platform scope,Issue/discussion capability assessment; no execution verdict,10,"Modelica numerical sanitizers do not validate platform, file, C ABI or FMI protocols.",Unicode support is an umbrella including Windows-path #4773; use platform/encoding regression tests without double-counting subissues.,"F9: platform CI, C/ABI/resource instrumentation, file and FMI contract tests.",False
3950,How to specify models that are meant to fail in a specific way in ModelicaTest?,https://github.com/modelica/ModelicaStandardLibrary/issues/3950,True,REFERENCE,Test/reference validation needed,Issue/discussion capability assessment; no execution verdict,23,"DifferentialSan can compare traces, but a disagreement is not proof and current alignment is inadequate.",Expected-failure annotations should distinguish correct diagnostics from failures of the test harness; overlaps #1292.,"F5: reference metadata, meaningful signals, event alignment and mixed tolerances.",False
3962,"How can I display the input item of ""nports""  in the parameter window ?",https://github.com/modelica/ModelicaStandardLibrary/issues/3962,True,DOCUMENTATION,Outside numerical scope,Issue/discussion capability assessment; no execution verdict,1,None for the requested editorial/graphical change.,nports parameter-window visibility is GUI annotation behavior.,"Documentation, diagram, link and source-style validation.",False
3969,Improve error handling of loadResource(),https://github.com/modelica/ModelicaStandardLibrary/issues/3969,True,EXTERNAL,External/platform scope,Issue/discussion capability assessment; no execution verdict,1,"Modelica numerical sanitizers do not validate platform, file, C ABI or FMI protocols.",loadResource error behavior depends on the tool's ModelicaServices implementation; distinguish template stubs from resolved runtime services.,"F9: platform CI, C/ABI/resource instrumentation, file and FMI contract tests.",False
3970,Overriding final parameters,https://github.com/modelica/ModelicaStandardLibrary/issues/3970,True,FRONTEND,Source/compiler analysis needed,Issue/discussion capability assessment; no execution verdict,5,Flattened numerical sanitizers do not implement these language/binding/effect checks.,Overriding final parameters needs modifier legality and binding provenance; a downstream finite value does not expose an ignored modifier.,"F2/F3: source-aware binding, definite assignment, effects, local balance and compiler support.",False
3977,Rotational freewheel,https://github.com/modelica/ModelicaStandardLibrary/issues/3977,True,ENHANCEMENT,Feature/design request,Issue/discussion capability assessment; no execution verdict,1,No detection claim: requested behavior/API must first be specified.,Rotational freewheel requests component behavior beyond generic numerical validity.,"API design, compatibility and targeted regression tests.",False
3978,"Icon and Diagram color of Modelica.Icons.SignalBus, SignalSubBus",https://github.com/modelica/ModelicaStandardLibrary/issues/3978,True,DOCUMENTATION,Outside numerical scope,Issue/discussion capability assessment; no execution verdict,1,None for the requested editorial/graphical change.,SignalBus icon/diagram colors need style validation.,"Documentation, diagram, link and source-style validation.",False
3992,Transparency input for all MultiBody visualizers,https://github.com/modelica/ModelicaStandardLibrary/issues/3992,True,ENHANCEMENT,Feature/design request,Issue/discussion capability assessment; no execution verdict,9,No detection claim: requested behavior/API must first be specified.,Visualizer transparency input is a rendering API enhancement.,"API design, compatibility and targeted regression tests.",False
3994,"Truncated prefix of ""Modelica"" in metadata",https://github.com/modelica/ModelicaStandardLibrary/issues/3994,True,DOCUMENTATION,Outside numerical scope,Issue/discussion capability assessment; no execution verdict,1,None for the requested editorial/graphical change.,Truncated Modelica prefix is metadata/presentation correctness.,"Documentation, diagram, link and source-style validation.",False
3995,Change record name form MuMetall to MuMetal,https://github.com/modelica/ModelicaStandardLibrary/issues/3995,True,DOCUMENTATION,Outside numerical scope,Issue/discussion capability assessment; no execution verdict,0,None for the requested editorial/graphical change.,MuMetall record spelling change requires name/conversion validation.,"Documentation, diagram, link and source-style validation.",False
3996,Silent error handling for Modelica.Utilities.Files.copy ,https://github.com/modelica/ModelicaStandardLibrary/issues/3996,True,EXTERNAL,External/platform scope,Issue/discussion capability assessment; no execution verdict,4,"Modelica numerical sanitizers do not validate platform, file, C ABI or FMI protocols.","Files.copy request is recoverable error-status behavior; existing halt-with-diagnostic can be intentional, not silent numerical corruption.","F9: platform CI, C/ABI/resource instrumentation, file and FMI contract tests.",False
4000,Unclear behaviour of Mechanics.Rotational.Components.LossyGear,https://github.com/modelica/ModelicaStandardLibrary/issues/4000,True,UNRESOLVED,Not established,Issue/discussion capability assessment; no execution verdict,3,No defensible defect/detectability verdict from the current evidence; do not count as clean or missed.,LossyGear locking may reflect intended friction behavior; require operating-point and friction-law agreement before assigning a bug verdict.,Resolve the stated contract/version/reproducer uncertainty; then choose an oracle.,False
4001,HTML issue in Modelica.UsersGuide.ReleaseNotes.Version_1_5,https://github.com/modelica/ModelicaStandardLibrary/issues/4001,True,DOCUMENTATION,Outside numerical scope,Issue/discussion capability assessment; no execution verdict,1,None for the requested editorial/graphical change.,Release-note HTML needs markup/link/rendering validation.,"Documentation, diagram, link and source-style validation.",False
4002,StateGraph example event handling clarification,https://github.com/modelica/ModelicaStandardLibrary/issues/4002,True,EVENT,Temporal oracle needed,Issue/discussion capability assessment; no execution verdict,1,"EventSan/ZenoSan measure event activity; they do not specify phase, sample delay, polarity or transition priority.",StateGraph behavior under simultaneous events needs an explicit transition-priority/temporal contract.,F3/F4: supported event/clock execution plus state-machine and sample-history contracts.,False
4003,Declare parameter records as replaceable?,https://github.com/modelica/ModelicaStandardLibrary/issues/4003,True,ENHANCEMENT,Feature/design request,Issue/discussion capability assessment; no execution verdict,0,No detection claim: requested behavior/API must first be specified.,Replaceable parameter records require API design and modifier/elaboration compatibility checks.,"API design, compatibility and targeted regression tests.",False
4005,"PartialMedium.Input* connectors should use Medium. types, not SI.",https://github.com/modelica/ModelicaStandardLibrary/issues/4005,True,UNIT,Partial dimensional capability,Issue/discussion capability assessment; no execution verdict,0,DimensionSan can flag known incompatible additive/relational units; this row has no demonstrated hit.,Medium versus SI connector types concern inherited nominal/unit metadata; check type/attribute propagation rather than scalar finiteness.,"F7: unit propagation through bindings, calls, powers and quantity/conversion metadata.",False
4013,regStep and smoothStep,https://github.com/modelica/ModelicaStandardLibrary/issues/4013,True,ENHANCEMENT,Feature/design request,Issue/discussion capability assessment; no execution verdict,1,No detection claim: requested behavior/API must first be specified.,Requests a discoverable regularization-function package and monotone option; no demonstrated regStep/smoothStep wrong result.,"API design, compatibility and targeted regression tests.",False
4016,Clocked.Sampler.SuperSampleInterpolated possibly unwanted behaviour,https://github.com/modelica/ModelicaStandardLibrary/issues/4016,True,EVENT,Temporal oracle needed,Issue/discussion capability assessment; no execution verdict,0,"EventSan/ZenoSan measure event activity; they do not specify phase, sample delay, polarity or transition priority.",SuperSampleInterpolated behavior needs a tick-index/interpolation oracle with exact clock alignment.,F3/F4: supported event/clock execution plus state-machine and sample-history contracts.,False
4026,Obsolete tool-specific hack in 'state1' and friends?,https://github.com/modelica/ModelicaStandardLibrary/issues/4026,True,ENHANCEMENT,Feature/design request,Issue/discussion capability assessment; no execution verdict,4,No detection claim: requested behavior/API must first be specified.,Removing a tool-specific state workaround requires cross-tool regression evidence; its presence is not intrinsically a model defect.,"API design, compatibility and targeted regression tests.",False
4028,Thermodynamic inconsistency of Modelica.Media.Interfaces.PartialLinearFluid?,https://github.com/modelica/ModelicaStandardLibrary/issues/4028,True,UNRESOLVED,Not established,Issue/discussion capability assessment; no execution verdict,2,No defensible defect/detectability verdict from the current evidence; do not count as clean or missed.,PartialLinearFluid consistency depends on its linearization assumptions; thermodynamic derivative identities need an agreed approximation tolerance.,Resolve the stated contract/version/reproducer uncertainty; then choose an oracle.,False
4029,Very ill-conditioned initialization in ComparisonPullInStroke,https://github.com/modelica/ModelicaStandardLibrary/issues/4029,True,NUMERIC,Possible symptom coverage only,Issue/discussion capability assessment; no execution verdict,7,Domain/Numeric/Solver/AssertSan may observe a reached failure; no executed issue-specific hit is established here.,PullInStroke initialization is reported extremely ill-conditioned; structural matching cannot replace scaled numerical rank/conditioning evidence.,"F6: scaled residual/rank/conditioning, progress budgets and high-precision error oracles.",False
4034,Documentation of Surface visualizer is misleading,https://github.com/modelica/ModelicaStandardLibrary/issues/4034,True,DOCUMENTATION,Outside numerical scope,Issue/discussion capability assessment; no execution verdict,10,None for the requested editorial/graphical change.,Surface visualizer prose must match rendering/API semantics.,"Documentation, diagram, link and source-style validation.",False
4046,Units for mathematical constants?,https://github.com/modelica/ModelicaStandardLibrary/issues/4046,True,UNIT,Partial dimensional capability,Issue/discussion capability assessment; no execution verdict,15,DimensionSan can flag known incompatible additive/relational units; this row has no demonstrated hit.,Units for constants and context-polymorphic literals are specification-sensitive; blanket dimensionless inference would create false positives.,"F7: unit propagation through bindings, calls, powers and quantity/conversion metadata.",False
4050,Use unit consistent calculation of default machine parameters,https://github.com/modelica/ModelicaStandardLibrary/issues/4050,True,UNIT,Partial dimensional capability,Issue/discussion capability assessment; no execution verdict,0,DimensionSan can flag known incompatible additive/relational units; this row has no demonstrated hit.,"Machine default-parameter formulas need dimensional inference through constants, powers and bindings.","F7: unit propagation through bindings, calls, powers and quantity/conversion metadata.",False
4058,"MoistAir, error in massFraction_pTphi",https://github.com/modelica/ModelicaStandardLibrary/issues/4058,True,UNRESOLVED,Not established,Issue/discussion capability assessment; no execution verdict,6,No defensible defect/detectability verdict from the current evidence; do not count as clean or missed.,Discussion corrects the target to ReferenceMoistAir and disputes ideal-gas assumptions; do not report the original MoistAir accusation as confirmed.,Resolve the stated contract/version/reproducer uncertainty; then choose an oracle.,False
4062,"Wrong definition of units involving ""eV""",https://github.com/modelica/ModelicaStandardLibrary/issues/4062,True,UNIT,Partial dimensional capability,Issue/discussion capability assessment; no execution verdict,14,DimensionSan can flag known incompatible additive/relational units; this row has no demonstrated hit.,"Electron-volt quantities need correct conversion factors and quantity semantics, not just SI dimensional exponents.","F7: unit propagation through bindings, calls, powers and quantity/conversion metadata.",False
4063,Ill-defined event clock tick in LogicalSample,https://github.com/modelica/ModelicaStandardLibrary/issues/4063,True,REFERENCE,Test/reference validation needed,Issue/discussion capability assessment; no execution verdict,2,"DifferentialSan can compare traces, but a disagreement is not proof and current alignment is inadequate.",LogicalSample event tick is ill-defined; overlaps #3858/#4731 and requires simultaneous-event/reference semantics.,"F5: reference metadata, meaningful signals, event alignment and mixed tolerances.",False
4068,Fluid/Pipe model,https://github.com/modelica/ModelicaStandardLibrary/issues/4068,True,UNRESOLVED,Not established,Issue/discussion capability assessment; no execution verdict,0,No defensible defect/detectability verdict from the current evidence; do not count as clean or missed.,Pipe/choked-flow expectations may exceed the selected approximation; reproduce within the model's supported physical regime.,Resolve the stated contract/version/reproducer uncertainty; then choose an oracle.,False
4069,Problematic to compare h_outflow when m_flow is zero,https://github.com/modelica/ModelicaStandardLibrary/issues/4069,True,REFERENCE,Test/reference validation needed,Issue/discussion capability assessment; no execution verdict,2,"DifferentialSan can compare traces, but a disagreement is not proof and current alignment is inadequate.",Outflow enthalpy at zero mass flow is a poor comparison signal; use flow-weighted energy and meaningful active-port quantities.,"F5: reference metadata, meaningful signals, event alignment and mixed tolerances.",False
4075,Icon layout of TerminateSimulation similar to 'expression' sources,https://github.com/modelica/ModelicaStandardLibrary/issues/4075,True,DOCUMENTATION,Outside numerical scope,Issue/discussion capability assessment; no execution verdict,2,None for the requested editorial/graphical change.,TerminateSimulation icon layout is graphical consistency work.,"Documentation, diagram, link and source-style validation.",False
4078,Unit error in Modelica.Electrical.Analog.Examples.CauerLowPassOPV,https://github.com/modelica/ModelicaStandardLibrary/issues/4078,True,UNIT,Partial dimensional capability,Issue/discussion capability assessment; no execution verdict,1,DimensionSan can flag known incompatible additive/relational units; this row has no demonstrated hit.,Cauer filter capacitance formula uses dimensional literals; current checker cannot guarantee detection through context inference/powers/bindings.,"F7: unit propagation through bindings, calls, powers and quantity/conversion metadata.",False
4079,Unit error in Modelica.Electrical.Analog.Examples.CauerLowPassAnalog,https://github.com/modelica/ModelicaStandardLibrary/issues/4079,True,UNIT,Partial dimensional capability,Issue/discussion capability assessment; no execution verdict,2,DimensionSan can flag known incompatible additive/relational units; this row has no demonstrated hit.,CauerLowPassAnalog unit report has the same dimensional-literal/inference limitation as #4078.,"F7: unit propagation through bindings, calls, powers and quantity/conversion metadata.",False
4082,Migration of website search index configuration necessary,https://github.com/modelica/ModelicaStandardLibrary/issues/4082,True,EXTERNAL,External/platform scope,Issue/discussion capability assessment; no execution verdict,0,"Modelica numerical sanitizers do not validate platform, file, C ABI or FMI protocols.",Website search-index migration is website/deployment configuration outside numerical model execution.,"F9: platform CI, C/ABI/resource instrumentation, file and FMI contract tests.",False
4083,How should specular coefficient be applied?,https://github.com/modelica/ModelicaStandardLibrary/issues/4083,True,ENHANCEMENT,Feature/design request,Issue/discussion capability assessment; no execution verdict,6,No detection claim: requested behavior/API must first be specified.,Specular coefficient interpretation needs a rendering contract and image-based validation.,"API design, compatibility and targeted regression tests.",False
4085,Strange quantities of TimeAging and ChargeAging,https://github.com/modelica/ModelicaStandardLibrary/issues/4085,True,UNIT,Partial dimensional capability,Issue/discussion capability assessment; no execution verdict,1,DimensionSan can flag known incompatible additive/relational units; this row has no demonstrated hit.,Quantity names TimeAging/ChargeAging need semantic type-policy review; numerical dimension checking alone cannot decide naming correctness.,"F7: unit propagation through bindings, calls, powers and quantity/conversion metadata.",False
4086,Some types in Units don't specify quantity,https://github.com/modelica/ModelicaStandardLibrary/issues/4086,True,UNIT,Partial dimensional capability,Issue/discussion capability assessment; no execution verdict,3,DimensionSan can flag known incompatible additive/relational units; this row has no demonstrated hit.,"Missing quantity metadata is a declaration-completeness check, not proof of inconsistent equations.","F7: unit propagation through bindings, calls, powers and quantity/conversion metadata.",False
4088,"Are ""CircularWaveNumber"" and ""CircularWavenumber"" really two different quantities?",https://github.com/modelica/ModelicaStandardLibrary/issues/4088,True,UNIT,Partial dimensional capability,Issue/discussion capability assessment; no execution verdict,5,DimensionSan can flag known incompatible additive/relational units; this row has no demonstrated hit.,"CircularWaveNumber spelling/quantity identity requires metadata consistency checks, not a runtime sanitizer.","F7: unit propagation through bindings, calls, powers and quantity/conversion metadata.",False
4089,Faulty parameter propagation in IntersectivePWM,https://github.com/modelica/ModelicaStandardLibrary/issues/4089,True,SHAPE,Shape analysis needed,Issue/discussion capability assessment; no execution verdict,1,"DimensionSan checks SI units, not array dimensions. No interprocedural extent/bounds detector.","IntersectivePWM combines hardcoded phase count, faulty parameter propagation and startTime/f units; test nondefault m, frequency and start time separately.","F2: shape contracts, reduced/full representations and runtime bounds provenance.",False
4092,Establish BaseClasses in MultiBody,https://github.com/modelica/ModelicaStandardLibrary/issues/4092,True,ENHANCEMENT,Feature/design request,Issue/discussion capability assessment; no execution verdict,0,No detection claim: requested behavior/API must first be specified.,MultiBody BaseClasses organization is API/refactoring work.,"API design, compatibility and targeted regression tests.",False
4097,Unit error in Modelica.Clocked.Examples.Systems.Utilities.ComponentsThrottleControl.IntakeManifold,https://github.com/modelica/ModelicaStandardLibrary/issues/4097,True,UNIT,Partial dimensional capability,Issue/discussion capability assessment; no execution verdict,13,DimensionSan can flag known incompatible additive/relational units; this row has no demonstrated hit.,IntakeManifold empirical polynomial needs coefficient units and a matching published correlation; current power/call inference is incomplete.,"F7: unit propagation through bindings, calls, powers and quantity/conversion metadata.",False
4110,"Quantity name ""Relative magnetization"" doesn't follow upper camel case convention",https://github.com/modelica/ModelicaStandardLibrary/issues/4110,True,DOCUMENTATION,Outside numerical scope,Issue/discussion capability assessment; no execution verdict,1,None for the requested editorial/graphical change.,Relative magnetization quantity spelling is naming-policy validation.,"Documentation, diagram, link and source-style validation.",False
4123,Spherical Harmonics integration,https://github.com/modelica/ModelicaStandardLibrary/issues/4123,True,ENHANCEMENT,Feature/design request,Issue/discussion capability assessment; no execution verdict,0,No detection claim: requested behavior/API must first be specified.,Spherical harmonics integration extends mathematical/visualization capability.,"API design, compatibility and targeted regression tests.",False
4125,Heating System example broken,https://github.com/modelica/ModelicaStandardLibrary/issues/4125,True,UNRESOLVED,Not established,Issue/discussion capability assessment; no execution verdict,1,No defensible defect/detectability verdict from the current evidence; do not count as clean or missed.,HeatingSystem failure differs between tools in the discussion; a Rumoca/OpenModelica failure alone cannot establish an MSL defect.,Resolve the stated contract/version/reproducer uncertainty; then choose an oracle.,False
4153, Modelica.Fluid.Machines.SweptVolume lacks support,https://github.com/modelica/ModelicaStandardLibrary/issues/4153,True,ENHANCEMENT,Feature/design request,Issue/discussion capability assessment; no execution verdict,1,No detection claim: requested behavior/API must first be specified.,SweptVolume support-flange enhancement overlaps #3883; do not count these as independent demonstrated physical bugs.,"API design, compatibility and targeted regression tests.",False
4159,M_OLine example PR deleted by mistake!,https://github.com/modelica/ModelicaStandardLibrary/issues/4159,True,EXTERNAL,External/platform scope,Issue/discussion capability assessment; no execution verdict,2,"Modelica numerical sanitizers do not validate platform, file, C ABI or FMI protocols.","A deleted example PR is repository/workflow recovery, not a numerical model defect.","F9: platform CI, C/ABI/resource instrumentation, file and FMI contract tests.",False
4162,"IEEE citation style necessitates the use of American punctuation rules, e.g., UsersGuide.Conventions.UsersGuide.References",https://github.com/modelica/ModelicaStandardLibrary/issues/4162,True,DOCUMENTATION,Outside numerical scope,Issue/discussion capability assessment; no execution verdict,9,None for the requested editorial/graphical change.,Citation punctuation requires documentation style checks.,"Documentation, diagram, link and source-style validation.",False
4166,The Modelica Standard Library User's Guide should promote the consistent use of a style guide for writing documentation,https://github.com/modelica/ModelicaStandardLibrary/issues/4166,True,DOCUMENTATION,Outside numerical scope,Issue/discussion capability assessment; no execution verdict,2,None for the requested editorial/graphical change.,Promoting a documentation style guide is editorial policy.,"Documentation, diagram, link and source-style validation.",False
4168,Rename unit with historical meaning of debye,https://github.com/modelica/ModelicaStandardLibrary/issues/4168,True,DOCUMENTATION,Outside numerical scope,Issue/discussion capability assessment; no execution verdict,3,None for the requested editorial/graphical change.,"debye name policy is quantity naming and compatibility, not a numerical domain error.","Documentation, diagram, link and source-style validation.",False
4170,Problems with zero flow through Modelica.Fluid.Fittings.GenericResistances.VolumeFlowRate,https://github.com/modelica/ModelicaStandardLibrary/issues/4170,True,NUMERIC,Possible symptom coverage only,Issue/discussion capability assessment; no execution verdict,0,Domain/Numeric/Solver/AssertSan may observe a reached failure; no executed issue-specific hit is established here.,"Near-zero flow cost requires progress budgets, equation/Jacobian scaling and profiling; timeout is a symptom, not a root-cause oracle.","F6: scaled residual/rank/conditioning, progress budgets and high-precision error oracles.",False
4173,Connection error in Modelica.Electrical.Digital.Examples.Utilities.JKFF,https://github.com/modelica/ModelicaStandardLibrary/issues/4173,True,EVENT,Temporal oracle needed,Issue/discussion capability assessment; no execution verdict,0,"EventSan/ZenoSan measure event activity; they do not specify phase, sample delay, polarity or transition priority.",JKFF q/qn connection allegation needs a truth-table/temporal assertion; a connected graph cannot infer intended Boolean polarity.,F3/F4: supported event/clock execution plus state-machine and sample-history contracts.,False
4182,Pure functions calling impure functions ,https://github.com/modelica/ModelicaStandardLibrary/issues/4182,True,FRONTEND,Source/compiler analysis needed,Issue/discussion capability assessment; no execution verdict,4,Flattened numerical sanitizers do not implement these language/binding/effect checks.,Umbrella purity audit requires transitive effects including external calls; overlaps #3655/#3855/#3856/#3857.,"F2/F3: source-aware binding, definite assignment, effects, local balance and compiler support.",False
4185,Over-zealous null-pointer guards in ModelicaStandardTables_CombiTimeTable_init (etc),https://github.com/modelica/ModelicaStandardLibrary/issues/4185,True,EXTERNAL,External/platform scope,Issue/discussion capability assessment; no execution verdict,4,"Modelica numerical sanitizers do not validate platform, file, C ABI or FMI protocols.",Table constructor null-pointer guards are C API contract/ABI checks; no generic Modelica numeric rule covers optional pointers.,"F9: platform CI, C/ABI/resource instrumentation, file and FMI contract tests.",False
4186,Class name as text in Diagram in Electrical.Analog,https://github.com/modelica/ModelicaStandardLibrary/issues/4186,True,DOCUMENTATION,Outside numerical scope,Issue/discussion capability assessment; no execution verdict,2,None for the requested editorial/graphical change.,Diagram class-name text needs graphical annotation checks.,"Documentation, diagram, link and source-style validation.",False
4190,Revisit initialization?,https://github.com/modelica/ModelicaStandardLibrary/issues/4190,True,REFERENCE,Test/reference validation needed,Issue/discussion capability assessment; no execution verdict,0,"DifferentialSan can compare traces, but a disagreement is not proof and current alignment is inadequate.","Requests realistic initialization tests with the specified start-value selection procedure, rather than fixed=true everywhere.","F5: reference metadata, meaningful signals, event alignment and mixed tolerances.",False
4193,Inconsistent use of `tol` in `ModelicaTest.MultiBody.Forces.Damper`,https://github.com/modelica/ModelicaStandardLibrary/issues/4193,True,UNIT,Partial dimensional capability,Issue/discussion capability assessment; no execution verdict,4,DimensionSan can flag known incompatible additive/relational units; this row has no demonstrated hit.,One tolerance is used for position and speed; need unit inference and specification-aware constant/literal rules.,"F7: unit propagation through bindings, calls, powers and quantity/conversion metadata.",False
4207,Why Evaluate for T_start and h_start in Modelica.Fluid.Interfaces.PartialDistributedVolume?,https://github.com/modelica/ModelicaStandardLibrary/issues/4207,True,ENHANCEMENT,Feature/design request,Issue/discussion capability assessment; no execution verdict,0,No detection claim: requested behavior/API must first be specified.,Evaluate annotations for start parameters are a compilation/API policy question; not intrinsically a failed initialization.,"API design, compatibility and targeted regression tests.",False
4242,Add initial excitation current on ElectricalExcited Synchronous machines main dialog,https://github.com/modelica/ModelicaStandardLibrary/issues/4242,True,ENHANCEMENT,Feature/design request,Issue/discussion capability assessment; no execution verdict,2,No detection claim: requested behavior/API must first be specified.,Initial excitation-current dialog access is usability/API work; detecting a bad initial trajectory does not implement that request.,"API design, compatibility and targeted regression tests.",False
4244,Result Compare fail caused by atan2 in Modelica Standard Library,https://github.com/modelica/ModelicaStandardLibrary/issues/4244,True,REFERENCE,Test/reference validation needed,Issue/discussion capability assessment; no execution verdict,8,"DifferentialSan can compare traces, but a disagreement is not proof and current alignment is inadequate.","atan2 branch cuts require angle-equivalent comparison, not scalar pointwise differences near plus/minus pi.","F5: reference metadata, meaningful signals, event alignment and mixed tolerances.",False
4317,MSL v4.1.0-beta.1 feedback: Unused fluid controller utilities connector fails pedantic check,https://github.com/modelica/ModelicaStandardLibrary/issues/4317,True,FRONTEND,Source/compiler analysis needed,Issue/discussion capability assessment; no execution verdict,0,Flattened numerical sanitizers do not implement these language/binding/effect checks.,Unused connector fails a pedantic local-balance rule; flattened global matching is not source local-balance checking.,"F2/F3: source-aware binding, definite assignment, effects, local balance and compiler support.",False
4325,ContinuousClock is not suitable for testing derivatives in ModelicaTest.Tables,https://github.com/modelica/ModelicaStandardLibrary/issues/4325,True,REFERENCE,Test/reference validation needed,Issue/discussion capability assessment; no execution verdict,3,"DifferentialSan can compare traces, but a disagreement is not proof and current alignment is inadequate.",A clock with zero second derivative cannot test the alleged derivative path; add nontrivial excitation and derivative oracles.,"F5: reference metadata, meaningful signals, event alignment and mixed tolerances.",False
4329,MSL v4.1.0-beta.1 feedback: Example name inconsistency,https://github.com/modelica/ModelicaStandardLibrary/issues/4329,True,DOCUMENTATION,Outside numerical scope,Issue/discussion capability assessment; no execution verdict,4,None for the requested editorial/graphical change.,Example naming inconsistency requires naming/style validation.,"Documentation, diagram, link and source-style validation.",False
4352,Material properties,https://github.com/modelica/ModelicaStandardLibrary/issues/4352,True,CONTRACT,Semantic oracle needed,Issue/discussion capability assessment; no execution verdict,0,Finite plausible wrong results generally pass numeric/domain checks; generic physical checks do not encode this contract.,Magnetic material properties need provenance and a matching datasheet/reference curve; valid finite numbers can still be wrong material data.,"F4/F8: API metamorphic, analytic, thermodynamic or component-specific physical contracts.",False
4364,Better StopTime for Modelica.Electrical.Analog.Examples.DifferenceAmplifier,https://github.com/modelica/ModelicaStandardLibrary/issues/4364,True,REFERENCE,Test/reference validation needed,Issue/discussion capability assessment; no execution verdict,0,"DifferentialSan can compare traces, but a disagreement is not proof and current alignment is inadequate.","DifferenceAmplifier stop time misses signal decay; check test horizon and observable coverage, not just whether simulation succeeds.","F5: reference metadata, meaningful signals, event alignment and mixed tolerances.",False
4365,Documented experiment settings don't match actual for ThreePhaseTransformerWithRectifier,https://github.com/modelica/ModelicaStandardLibrary/issues/4365,True,REFERENCE,Test/reference validation needed,Issue/discussion capability assessment; no execution verdict,0,"DifferentialSan can compare traces, but a disagreement is not proof and current alignment is inadequate.",Documented experiment settings differ from annotations; compare source/test metadata rather than numerical trajectories alone.,"F5: reference metadata, meaningful signals, event alignment and mixed tolerances.",False
4368,"Incorrect units, confusing style, and probably more in Modelica.Media.Air.ReferenceMoistAir",https://github.com/modelica/ModelicaStandardLibrary/issues/4368,True,UNIT,Partial dimensional capability,Issue/discussion capability assessment; no execution verdict,0,DimensionSan can flag known incompatible additive/relational units; this row has no demonstrated hit.,ReferenceMoistAir unit/style concerns need interprocedural dimension and declaration coverage; style findings are separate from physics defects.,"F7: unit propagation through bindings, calls, powers and quantity/conversion metadata.",False
4369,Units for gamma in Modelica.Electrical.Spice3.Internal.Mos.mos2CalcCalcTempDependenciesRevised,https://github.com/modelica/ModelicaStandardLibrary/issues/4369,True,UNIT,Partial dimensional capability,Issue/discussion capability assessment; no execution verdict,5,DimensionSan can flag known incompatible additive/relational units; this row has no demonstrated hit.,Spice gamma units require fractional dimensional exponents and function propagation beyond the current checker.,"F7: unit propagation through bindings, calls, powers and quantity/conversion metadata.",False
4370,Modelica.Fluid.Vessels.ClosedVolume roots,https://github.com/modelica/ModelicaStandardLibrary/issues/4370,True,CONTRACT,Semantic oracle needed,Issue/discussion capability assessment; no execution verdict,1,Finite plausible wrong results generally pass numeric/domain checks; generic physical checks do not encode this contract.,"ClosedVolume vesselArea formula allegedly misses pi; test geometry/scale identities, since finite positive area passes basic safety checks.","F4/F8: API metamorphic, analytic, thermodynamic or component-specific physical contracts.",False
4376,Broken link to https://modelica.org/projects,https://github.com/modelica/ModelicaStandardLibrary/issues/4376,True,DOCUMENTATION,Outside numerical scope,Issue/discussion capability assessment; no execution verdict,0,None for the requested editorial/graphical change.,Broken modelica.org link requires link checking.,"Documentation, diagram, link and source-style validation.",False
4386,Wrong usage of quantities in Modelica.Electrical.Analog.Interfaces.IdealSemiconductor,https://github.com/modelica/ModelicaStandardLibrary/issues/4386,True,UNRESOLVED,Not established,Issue/discussion capability assessment; no execution verdict,3,No defensible defect/detectability verdict from the current evidence; do not count as clean or missed.,IdealSemiconductor quantity/literal semantics are disputed; avoid treating a context-dependent dimension warning as a confirmed defect.,Resolve the stated contract/version/reproducer uncertainty; then choose an oracle.,False
4394,"Clarify documentation of {CombiTimeTable, CombiTable1Ds, CombiTable1Dv}.smoothness",https://github.com/modelica/ModelicaStandardLibrary/issues/4394,True,DOCUMENTATION,Outside numerical scope,Issue/discussion capability assessment; no execution verdict,0,None for the requested editorial/graphical change.,Table smoothness descriptions need interpolation-contract documentation and matching examples.,"Documentation, diagram, link and source-style validation.",False
4399,Improving assert messages,https://github.com/modelica/ModelicaStandardLibrary/issues/4399,True,DOCUMENTATION,Outside numerical scope,Issue/discussion capability assessment; no execution verdict,0,None for the requested editorial/graphical change.,Assertion-message improvement is diagnostic clarity; AssertSan can report a failure but cannot supply missing explanation.,"Documentation, diagram, link and source-style validation.",False
4400,FundamentalWavePermabilitySensor is misspelled,https://github.com/modelica/ModelicaStandardLibrary/issues/4400,True,DOCUMENTATION,Outside numerical scope,Issue/discussion capability assessment; no execution verdict,2,None for the requested editorial/graphical change.,Permability misspelling needs naming/conversion checks.,"Documentation, diagram, link and source-style validation.",False
4401,SteadyState for Modelica.Blocks.Continuous.PI,https://github.com/modelica/ModelicaStandardLibrary/issues/4401,True,DOCUMENTATION,Outside numerical scope,Issue/discussion capability assessment; no execution verdict,0,None for the requested editorial/graphical change.,PI y_start dialog enablement is inconsistent with steady-state mode; GUI dependency validation is the relevant check.,"Documentation, diagram, link and source-style validation.",False
4409,Catastrophic cancellation in PadeDelay1,https://github.com/modelica/ModelicaStandardLibrary/issues/4409,True,NUMERIC,Possible symptom coverage only,Issue/discussion capability assessment; no execution verdict,2,Domain/Numeric/Solver/AssertSan may observe a reached failure; no executed issue-specific hit is established here.,PadeDelay cancellation needs high-precision or analytically bounded error comparison; cancellation without demonstrated material error is not a bug verdict.,"F6: scaled residual/rank/conditioning, progress budgets and high-precision error oracles.",False
4410,Unrealistic expectation on size of err_u,https://github.com/modelica/ModelicaStandardLibrary/issues/4410,True,REFERENCE,Test/reference validation needed,Issue/discussion capability assessment; no execution verdict,0,"DifferentialSan can compare traces, but a disagreement is not proof and current alignment is inadequate.",An err_u threshold may be unrealistically small; calibrate numerical tolerance and reference accuracy.,"F5: reference metadata, meaningful signals, event alignment and mixed tolerances.",False
4421,Improvements to the CSV compare tool for zero reference signals,https://github.com/modelica/ModelicaStandardLibrary/issues/4421,True,REFERENCE,Test/reference validation needed,Issue/discussion capability assessment; no execution verdict,12,"DifferentialSan can compare traces, but a disagreement is not proof and current alignment is inadequate.",CSV comparison of zero reference signals needs mixed absolute/relative tolerances; exact or purely relative checks are unreliable.,"F5: reference metadata, meaningful signals, event alignment and mixed tolerances.",False
4431,Modelica.Magnetic.FluxTubes examples - comment from #4418,https://github.com/modelica/ModelicaStandardLibrary/issues/4431,True,DOCUMENTATION,Outside numerical scope,Issue/discussion capability assessment; no execution verdict,3,None for the requested editorial/graphical change.,FluxTubes example comments from #4418 need contextual documentation review.,"Documentation, diagram, link and source-style validation.",False
4432,AbsoluteAngles sensor is not flexible enough,https://github.com/modelica/ModelicaStandardLibrary/issues/4432,True,CONTRACT,Semantic oracle needed,Issue/discussion capability assessment; no execution verdict,6,Finite plausible wrong results generally pass numeric/domain checks; generic physical checks do not encode this contract.,Euler-angle jumps can describe a continuous orientation; compare rotations modulo representation and define desired angle-continuity behavior.,"F4/F8: API metamorphic, analytic, thermodynamic or component-specific physical contracts.",False
4436,Modelica.Fluid.Sensors.BaseClasses.PartialFlowSensor should have simplified equations if allowFlowReversal = false,https://github.com/modelica/ModelicaStandardLibrary/issues/4436,True,ENHANCEMENT,Feature/design request,Issue/discussion capability assessment; no execution verdict,0,No detection claim: requested behavior/API must first be specified.,Simpler equations with flow reversal disabled are an optimization; validate equivalent supported behavior.,"API design, compatibility and targeted regression tests.",False
4439,Modelica.Blocks.Math.Add block's units,https://github.com/modelica/ModelicaStandardLibrary/issues/4439,True,UNIT,Partial dimensional capability,Issue/discussion capability assessment; no execution verdict,5,DimensionSan can flag known incompatible additive/relational units; this row has no demonstrated hit.,Add gain units involve weighted-sum API semantics and inference; missing unit annotations are not automatically mismatches.,"F7: unit propagation through bindings, calls, powers and quantity/conversion metadata.",False
4451,Modelica.Blocks.Discrete.UnitDelay does not delay input,https://github.com/modelica/ModelicaStandardLibrary/issues/4451,True,EVENT,Temporal oracle needed,Issue-derived OMC witness; ModelSan path blocked; no detection credit,2,Executed probe blocked before relevant ModelSan observation; unrelated static warnings are not hits.,OMC confirms pre(u) samples the current continuous input rather than one sample earlier; ModelSan execution is blocked. See focused-results.md.,F3/F4: supported event/clock execution plus state-machine and sample-history contracts.,False
4456,Including MPC blocks to Modelica Standard Library,https://github.com/modelica/ModelicaStandardLibrary/issues/4456,True,ENHANCEMENT,Feature/design request,Issue/discussion capability assessment; no execution verdict,0,No detection claim: requested behavior/API must first be specified.,MPC blocks are a new control-library capability.,"API design, compatibility and targeted regression tests.",False
4457,Initial values for polyphase inductor currents etc.,https://github.com/modelica/ModelicaStandardLibrary/issues/4457,True,ENHANCEMENT,Feature/design request,Issue/discussion capability assessment; no execution verdict,40,No detection claim: requested behavior/API must first be specified.,"Polyphase-current initialization choices need API and initial-condition conventions, not blanket failure classification.","API design, compatibility and targeted regression tests.",False
4459,Quantization may output more levels than the number of bits allows,https://github.com/modelica/ModelicaStandardLibrary/issues/4459,True,CONTRACT,Semantic oracle needed,Issue-derived OMC witness; ModelSan path blocked; no detection credit,2,Executed probe blocked before relevant ModelSan observation; unrelated static warnings are not hits.,OMC yields five distinct levels with bits=2; ModelSan instrumentation/backend is blocked. A level-cardinality/end-point oracle is missing.,"F4/F8: API metamorphic, analytic, thermodynamic or component-specific physical contracts.",False
4467,[Enhancement] Queue primitives,https://github.com/modelica/ModelicaStandardLibrary/issues/4467,True,ENHANCEMENT,Feature/design request,Issue/discussion capability assessment; no execution verdict,0,No detection claim: requested behavior/API must first be specified.,Queue primitives are a requested data-structure/API feature.,"API design, compatibility and targeted regression tests.",False
4468,Incorrect HTML of Testrun report breaks automation again,https://github.com/modelica/ModelicaStandardLibrary/issues/4468,True,EXTERNAL,External/platform scope,Issue/discussion capability assessment; no execution verdict,0,"Modelica numerical sanitizers do not validate platform, file, C ABI or FMI protocols.",Malformed test-report HTML breaks automation; use report schema/markup validation rather than model sanitizers.,"F9: platform CI, C/ABI/resource instrumentation, file and FMI contract tests.",False
4471,Modelica.Electrical.Analog.Examples.Resistor is not very simple,https://github.com/modelica/ModelicaStandardLibrary/issues/4471,True,DOCUMENTATION,Outside numerical scope,Issue/discussion capability assessment; no execution verdict,9,None for the requested editorial/graphical change.,Resistor example complexity is a teaching/example-design concern.,"Documentation, diagram, link and source-style validation.",False
4474,Lack of documentation for use of sample()-operator in discrete-time systems,https://github.com/modelica/ModelicaStandardLibrary/issues/4474,True,DOCUMENTATION,Outside numerical scope,Issue/discussion capability assessment; no execution verdict,0,None for the requested editorial/graphical change.,Missing sample() operator documentation; distinguish synchronous-clock overloads from discrete event sample semantics.,"Documentation, diagram, link and source-style validation.",False
4476,Provide functions in ModelicaUtilities.h to external objects implemented as shared libraries,https://github.com/modelica/ModelicaStandardLibrary/issues/4476,True,EXTERNAL,External/platform scope,Issue/discussion capability assessment; no execution verdict,44,"Modelica numerical sanitizers do not validate platform, file, C ABI or FMI protocols.",Shared external objects need ModelicaUtilities symbol/API visibility and linking tests.,"F9: platform CI, C/ABI/resource instrumentation, file and FMI contract tests.",False
4477,Chaotic behavior: Modelica.Electrical.Analog.Examples.ChuaCircuit,https://github.com/modelica/ModelicaStandardLibrary/issues/4477,True,REFERENCE,Test/reference validation needed,Issue/discussion capability assessment; no execution verdict,6,"DifferentialSan can compare traces, but a disagreement is not proof and current alignment is inadequate.",ChuaCircuit is chaotic; use limited horizons and physical/statistical invariants instead of long-run exact trace matching.,"F5: reference metadata, meaningful signals, event alignment and mixed tolerances.",False
4482,Be more explicit in assert of VariableLimiter,https://github.com/modelica/ModelicaStandardLibrary/issues/4482,True,DOCUMENTATION,Outside numerical scope,Issue/discussion capability assessment; no execution verdict,0,None for the requested editorial/graphical change.,"VariableLimiter assertion-message clarity is diagnostic quality, not a new arithmetic-domain detection capability.","Documentation, diagram, link and source-style validation.",False
4494,replaceable data records,https://github.com/modelica/ModelicaStandardLibrary/issues/4494,True,ENHANCEMENT,Feature/design request,Issue/discussion capability assessment; no execution verdict,6,No detection claim: requested behavior/API must first be specified.,Replaceable data records require interface/modifier compatibility decisions.,"API design, compatibility and targeted regression tests.",False
4502,Add all relevant reference signals to ModelicaTest.Blocks.Mean ,https://github.com/modelica/ModelicaStandardLibrary/issues/4502,True,REFERENCE,Test/reference validation needed,Issue/discussion capability assessment; no execution verdict,0,"DifferentialSan can compare traces, but a disagreement is not proof and current alignment is inadequate.",Mean test compares only one of several relevant block outputs; improve signal coverage in the regression harness.,"F5: reference metadata, meaningful signals, event alignment and mixed tolerances.",False
4503,Modelica.Constants.Inf should be consistent with the Modelica Language Specification,https://github.com/modelica/ModelicaStandardLibrary/issues/4503,True,FRONTEND,Source/compiler analysis needed,Issue/discussion capability assessment; no execution verdict,6,Flattened numerical sanitizers do not implement these language/binding/effect checks.,Modelica.Constants.Inf versus language/tool semantics requires constant-definition and portability checks.,"F2/F3: source-aware binding, definite assignment, effects, local balance and compiler support.",False
4504,MSL-FMU initialization error ,https://github.com/modelica/ModelicaStandardLibrary/issues/4504,True,EXTERNAL,External/platform scope,Issue/discussion capability assessment; no execution verdict,0,"Modelica numerical sanitizers do not validate platform, file, C ABI or FMI protocols.",FMU initialization depends on exporter/importer lifecycle and coupling; test the FMI interface rather than attributing any failure to MSL.,"F9: platform CI, C/ABI/resource instrumentation, file and FMI contract tests.",False
4507,Drift in ModelicaTest.MultiBody.Joints.JointUSP2 with different interval setting,https://github.com/modelica/ModelicaStandardLibrary/issues/4507,True,REFERENCE,Test/reference validation needed,Issue/discussion capability assessment; no execution verdict,1,"DifferentialSan can compare traces, but a disagreement is not proof and current alignment is inadequate.","JointUSP2 drift changes with output intervals; assess integration/projection tolerance and invariant error, not raw reference identity.","F5: reference metadata, meaningful signals, event alignment and mixed tolerances.",False
4523,More robust tests,https://github.com/modelica/ModelicaStandardLibrary/issues/4523,True,REFERENCE,Test/reference validation needed,Issue/discussion capability assessment; no execution verdict,0,"DifferentialSan can compare traces, but a disagreement is not proof and current alignment is inadequate.",Assertion just after stop time reveals a test-horizon problem; reaching the intended check is a harness requirement.,"F5: reference metadata, meaningful signals, event alignment and mixed tolerances.",False
4525,Fix Modelica.Fluid.Pipes.BaseClasses.FlowModels.PartialGenericPipeFlow to avoid using the functions handling static head if the pipe is horizontal,https://github.com/modelica/ModelicaStandardLibrary/issues/4525,True,ENHANCEMENT,Feature/design request,Issue/discussion capability assessment; no execution verdict,0,No detection claim: requested behavior/API must first be specified.,Horizontal-pipe static-head special case avoids unnecessary complex functions; verify equivalence and performance across the zero-height boundary.,"API design, compatibility and targeted regression tests.",False
4542,Update CO2 concentrations in Modelica.Fluid.Examples.TraceSubstances,https://github.com/modelica/ModelicaStandardLibrary/issues/4542,True,CONTRACT,Semantic oracle needed,Issue/discussion capability assessment; no execution verdict,0,Finite plausible wrong results generally pass numeric/domain checks; generic physical checks do not encode this contract.,Fresh-air CO2 concentration is outdated external data; require an authoritative scenario/date rather than infer incorrectness from finite range.,"F4/F8: API metamorphic, analytic, thermodynamic or component-specific physical contracts.",False
4556,Weird formulas in some spherical joints,https://github.com/modelica/ModelicaStandardLibrary/issues/4556,True,UNRESOLVED,Not established,Issue/discussion capability assessment; no execution verdict,0,No defensible defect/detectability verdict from the current evidence; do not count as clean or missed.,Spherical-joint formulas may be algebraically redundant or intentional; establish a failed geometric identity before declaring a defect.,Resolve the stated contract/version/reproducer uncertainty; then choose an oracle.,False
4571,Default parameters of power converter devices,https://github.com/modelica/ModelicaStandardLibrary/issues/4571,True,NUMERIC,Possible symptom coverage only,Issue/discussion capability assessment; no execution verdict,5,Domain/Numeric/Solver/AssertSan may observe a reached failure; no executed issue-specific hit is established here.,Power-converter defaults involve ideal-limit conditioning; compare solver robustness while preserving the intended physical approximation.,"F6: scaled residual/rank/conditioning, progress budgets and high-precision error oracles.",False
4573,Continuous angle for rectangular to polar,https://github.com/modelica/ModelicaStandardLibrary/issues/4573,True,ENHANCEMENT,Feature/design request,Issue/discussion capability assessment; no execution verdict,0,No detection claim: requested behavior/API must first be specified.,Continuous rectangular-to-polar angle is an unwrap feature; atan2's branch cut is not itself an incorrect angle.,"API design, compatibility and targeted regression tests.",False
4585,"Add an a = b, b > 0 example for dp_volumeFlowRate pressure loss model",https://github.com/modelica/ModelicaStandardLibrary/issues/4585,True,REFERENCE,Test/reference validation needed,Issue/discussion capability assessment; no execution verdict,0,"DifferentialSan can compare traces, but a disagreement is not proof and current alignment is inadequate.","Add the a=b, b>0 pressure-loss regression witness; a requested regression test is distinct from a still-open demonstrated defect.","F5: reference metadata, meaningful signals, event alignment and mixed tolerances.",False
4594,MBS Multibody Instabilities,https://github.com/modelica/ModelicaStandardLibrary/issues/4594,True,UNRESOLVED,Not established,Issue/discussion capability assessment; no execution verdict,2,No defensible defect/detectability verdict from the current evidence; do not count as clean or missed.,Multibody instability needs a minimal supported reproducer; a report involving a custom library cannot be adjudicated from its title.,Resolve the stated contract/version/reproducer uncertainty; then choose an oracle.,False
4597,How to build  own physical property model based on Modelica's compressible fluid physical property library,https://github.com/modelica/ModelicaStandardLibrary/issues/4597,True,ENHANCEMENT,Feature/design request,Issue/discussion capability assessment; no execution verdict,0,No detection claim: requested behavior/API must first be specified.,Custom fluid-property model guidance is modeling support; no concrete supported failing witness is established.,"API design, compatibility and targeted regression tests.",False
4607,"Check usage of Modelica.Constants.{eps, inf, small}",https://github.com/modelica/ModelicaStandardLibrary/issues/4607,True,NUMERIC,Possible symptom coverage only,Issue/discussion capability assessment; no execution verdict,5,Domain/Numeric/Solver/AssertSan may observe a reached failure; no executed issue-specific hit is established here.,"Machine eps/inf/small usage needs portable numerical contracts, scale analysis and actual-domain checks; usage alone is not a defect.","F6: scaled residual/rank/conditioning, progress budgets and high-precision error oracles.",False
4610,Initialization of Multibody models,https://github.com/modelica/ModelicaStandardLibrary/issues/4610,True,ENHANCEMENT,Feature/design request,Issue/discussion capability assessment; no execution verdict,0,No detection claim: requested behavior/API must first be specified.,Multibody initialization usability/conventions require agreed API and state-selection semantics.,"API design, compatibility and targeted regression tests.",False
4632,Add units to EPSSIL and EPSSOX (and more),https://github.com/modelica/ModelicaStandardLibrary/issues/4632,True,UNIT,Partial dimensional capability,Issue/discussion capability assessment; no execution verdict,0,DimensionSan can flag known incompatible additive/relational units; this row has no demonstrated hit.,EPSSIL/EPSSOX missing units need declaration audit and dielectric-constant semantics before equation inference can help.,"F7: unit propagation through bindings, calls, powers and quantity/conversion metadata.",False
4637,Comparabilty of chaotic behaviour,https://github.com/modelica/ModelicaStandardLibrary/issues/4637,True,REFERENCE,Test/reference validation needed,Issue/discussion capability assessment; no execution verdict,19,"DifferentialSan can compare traces, but a disagreement is not proof and current alignment is inadequate.","Chaotic behavior comparisons need appropriate horizon/invariants and uncertainty, not universal pointwise equality.","F5: reference metadata, meaningful signals, event alignment and mixed tolerances.",False
4639,Improvements to Modelica.Math.Vectors.interpolate,https://github.com/modelica/ModelicaStandardLibrary/issues/4639,True,ENHANCEMENT,Feature/design request,Issue/discussion capability assessment; no execution verdict,2,No detection claim: requested behavior/API must first be specified.,Interpolation improvement/performance requests require monotonicity/input contracts; optimization opportunity alone is not wrong behavior.,"API design, compatibility and targeted regression tests.",False
4640,Strange results when exporting an FMU to simulate in an external tool (both with model exchange and co-simulation),https://github.com/modelica/ModelicaStandardLibrary/issues/4640,True,EXTERNAL,External/platform scope,Issue/discussion capability assessment; no execution verdict,3,"Modelica numerical sanitizers do not validate platform, file, C ABI or FMI protocols.",Discussion ties FMU results to lost input derivatives; requires exporter/importer derivative-transport checks and FMI experiments.,"F9: platform CI, C/ABI/resource instrumentation, file and FMI contract tests.",False
4645,Deploy stage (CI) to add binaries to MSL,https://github.com/modelica/ModelicaStandardLibrary/issues/4645,True,EXTERNAL,External/platform scope,Issue/discussion capability assessment; no execution verdict,0,"Modelica numerical sanitizers do not validate platform, file, C ABI or FMI protocols.",Adding binary deployment to CI is build/distribution pipeline work.,"F9: platform CI, C/ABI/resource instrumentation, file and FMI contract tests.",False
4667,Use of parameter without value in Spice3.Internal.MOS2,https://github.com/modelica/ModelicaStandardLibrary/issues/4667,True,FRONTEND,Source/compiler analysis needed,Issue/discussion capability assessment; no execution verdict,5,Flattened numerical sanitizers do not implement these language/binding/effect checks.,Spice MOS2 parameter without value requires definite-value/binding analysis across records/functions before execution.,"F2/F3: source-aware binding, definite assignment, effects, local balance and compiler support.",False
4684,Missing 'each' in Modelica.Electrical.QuasiStatic.Polyphase.Blocks.FromSymmetricalComponents,https://github.com/modelica/ModelicaStandardLibrary/issues/4684,True,FRONTEND,Source/compiler analysis needed,Issue/discussion capability assessment; no execution verdict,4,Flattened numerical sanitizers do not implement these language/binding/effect checks.,Missing each on displayUnit is modifier/elaboration legality; a compiler warning/rejection is not a numerical sanitizer detection.,"F2/F3: source-aware binding, definite assignment, effects, local balance and compiler support.",False
4687,Determinant and check for singular matrices,https://github.com/modelica/ModelicaStandardLibrary/issues/4687,True,NUMERIC,Possible symptom coverage only,Issue/discussion capability assessment; no execution verdict,0,Domain/Numeric/Solver/AssertSan may observe a reached failure; no executed issue-specific hit is established here.,Determinant is not a scale-invariant singularity test; need scaled rank/SVD or condition estimates with perturbation checks.,"F6: scaled residual/rank/conditioning, progress budgets and high-precision error oracles.",False
4688,Problem with the test of Modelica/Electrical/Machines/Examples/InductionMachines/IMC_DCBraking,https://github.com/modelica/ModelicaStandardLibrary/issues/4688,True,REFERENCE,Test/reference validation needed,Issue/discussion capability assessment; no execution verdict,17,"DifferentialSan can compare traces, but a disagreement is not proof and current alignment is inadequate.",IMC_DCBraking test concerns numerical tolerance/reference validity; separate model error from regression-harness sensitivity.,"F5: reference metadata, meaningful signals, event alignment and mixed tolerances.",False
4689,colormap cool-warm,https://github.com/modelica/ModelicaStandardLibrary/issues/4689,True,ENHANCEMENT,Feature/design request,Issue/discussion capability assessment; no execution verdict,0,No detection claim: requested behavior/API must first be specified.,Cool-warm colormap is a visualization feature.,"API design, compatibility and targeted regression tests.",False
4690,Incomplete release notes for 4.1.0,https://github.com/modelica/ModelicaStandardLibrary/issues/4690,True,DOCUMENTATION,Outside numerical scope,Issue/discussion capability assessment; no execution verdict,0,None for the requested editorial/graphical change.,Missing 4.1.0 release notes require release/change documentation review.,"Documentation, diagram, link and source-style validation.",False
4694,Defining API for minor versions and bug-fixes,https://github.com/modelica/ModelicaStandardLibrary/issues/4694,True,ENHANCEMENT,Feature/design request,Issue/discussion capability assessment; no execution verdict,1,No detection claim: requested behavior/API must first be specified.,API policy for minor releases and bug fixes is compatibility/governance work.,"API design, compatibility and targeted regression tests.",False
4695,Strange Connect order in Modelica.Electrical.Analog.Examples.ResonanceCircuits,https://github.com/modelica/ModelicaStandardLibrary/issues/4695,True,UNRESOLVED,Not established,Issue/discussion capability assessment; no execution verdict,0,No defensible defect/detectability verdict from the current evidence; do not count as clean or missed.,Connection order in a diagram does not by itself establish reversed physical behavior; inspect actual connectivity and expected signals.,Resolve the stated contract/version/reproducer uncertainty; then choose an oracle.,False
4696,Error simulating tables in Dymola,https://github.com/modelica/ModelicaStandardLibrary/issues/4696,True,EXTERNAL,External/platform scope,Issue/discussion capability assessment; no execution verdict,6,"Modelica numerical sanitizers do not validate platform, file, C ABI or FMI protocols.",Table simulation report involves development binaries/header integration; distinguish build/distribution mismatch from interpolation defects.,"F9: platform CI, C/ABI/resource instrumentation, file and FMI contract tests.",False
4697,Modelica.Magnetic.QuasiStatic.FluxTubes.Examples.Leakage.GeneralLeakage breaks balancing rules.,https://github.com/modelica/ModelicaStandardLibrary/issues/4697,True,FRONTEND,Source/compiler analysis needed,Issue/discussion capability assessment; no execution verdict,2,Flattened numerical sanitizers do not implement these language/binding/effect checks.,Variable binding modification violates local balancing; requires source-level instance/binding rules before flattening.,"F2/F3: source-aware binding, definite assignment, effects, local balance and compiler support.",False
4699,Gone link to https://www.inf.ed.ac.uk/teaching/courses/seoc1/2005_2006/resources/statecharts.pdf,https://github.com/modelica/ModelicaStandardLibrary/issues/4699,True,DOCUMENTATION,Outside numerical scope,Issue/discussion capability assessment; no execution verdict,0,None for the requested editorial/graphical change.,Missing statechart PDF link requires documentation link repair.,"Documentation, diagram, link and source-style validation.",False
4701,gcc Makefile lacks creation of installation directory,https://github.com/modelica/ModelicaStandardLibrary/issues/4701,True,EXTERNAL,External/platform scope,Issue/discussion capability assessment; no execution verdict,0,"Modelica numerical sanitizers do not validate platform, file, C ABI or FMI protocols.",Missing installation-directory creation is a Makefile/build-system defect outside numerical model sanitizers.,"F9: platform CI, C/ABI/resource instrumentation, file and FMI contract tests.",False
4702,BuildProjects gcc Makefile does not handle MinGW,https://github.com/modelica/ModelicaStandardLibrary/issues/4702,True,EXTERNAL,External/platform scope,Issue/discussion capability assessment; no execution verdict,2,"Modelica numerical sanitizers do not validate platform, file, C ABI or FMI protocols.","MinGW Makefile support requires platform build CI, not arithmetic-domain monitoring.","F9: platform CI, C/ABI/resource instrumentation, file and FMI contract tests.",False
4703,Modelica.StateGraph.Examples.Utilities.CompositeStep is sometimes locally unbalanced.,https://github.com/modelica/ModelicaStandardLibrary/issues/4703,True,FRONTEND,Source/compiler analysis needed,Issue/discussion capability assessment; no execution verdict,2,Flattened numerical sanitizers do not implement these language/binding/effect checks.,Conditional CompositeStep local balance/cardinality needs source elaboration checks for every structural configuration.,"F2/F3: source-aware binding, definite assignment, effects, local balance and compiler support.",False
4704,CombiTables documentation does not report that the .csv file type doesn't require the header,https://github.com/modelica/ModelicaStandardLibrary/issues/4704,True,DOCUMENTATION,Outside numerical scope,Issue/discussion capability assessment; no execution verdict,0,None for the requested editorial/graphical change.,CSV header requirements need correct table-format documentation.,"Documentation, diagram, link and source-style validation.",False
4709,Add .mat file checking,https://github.com/modelica/ModelicaStandardLibrary/issues/4709,True,EXTERNAL,External/platform scope,Issue/discussion capability assessment; no execution verdict,20,"Modelica numerical sanitizers do not validate platform, file, C ABI or FMI protocols.",MAT inflate/checking report lacks a shareable failing original file; needs malformed-file/I/O validation and a retained reproducer.,"F9: platform CI, C/ABI/resource instrumentation, file and FMI contract tests.",False
4710,Improve missingInnerMessage annotation in Modelica.Blocks.Noise.GlobalSeed,https://github.com/modelica/ModelicaStandardLibrary/issues/4710,True,DOCUMENTATION,Outside numerical scope,Issue/discussion capability assessment; no execution verdict,0,None for the requested editorial/graphical change.,GlobalSeed missingInnerMessage needs a clearer source diagnostic annotation.,"Documentation, diagram, link and source-style validation.",False
4719,Issues with Modelica.Media.Examples.SolveOneNonlinearEquation.InverseIncompressible_sh_T at t=1,https://github.com/modelica/ModelicaStandardLibrary/issues/4719,True,NUMERIC,Possible symptom coverage only,Issue/discussion capability assessment; no execution verdict,2,Domain/Numeric/Solver/AssertSan may observe a reached failure; no executed issue-specific hit is established here.,"Root-bracket endpoint roundoff can trigger an assertion; use tolerant endpoint/bracket and residual oracles, not assertion-as-root-cause reasoning.","F6: scaled residual/rank/conditioning, progress budgets and high-precision error oracles.",False
4721,There should be an easy way to initialize the induction machine at its nominal point.,https://github.com/modelica/ModelicaStandardLibrary/issues/4721,True,ENHANCEMENT,Feature/design request,Issue/discussion capability assessment; no execution verdict,0,No detection claim: requested behavior/API must first be specified.,"Nominal-point induction-machine initialization is an interface/workflow improvement, not an automatically detectable numerical violation.","API design, compatibility and targeted regression tests.",False
4722,Improve Modelica.StateGraph examples,https://github.com/modelica/ModelicaStandardLibrary/issues/4722,True,DOCUMENTATION,Outside numerical scope,Issue/discussion capability assessment; no execution verdict,0,None for the requested editorial/graphical change.,StateGraph example improvements concern examples/explanation unless a concrete behavioral defect is isolated.,"Documentation, diagram, link and source-style validation.",False
4723,Invalid smooth() statement in SlewRateLimiter,https://github.com/modelica/ModelicaStandardLibrary/issues/4723,True,CONTRACT,Semantic oracle needed,Issue/discussion capability assessment; no execution verdict,8,Finite plausible wrong results generally pass numeric/domain checks; generic physical checks do not encode this contract.,Invalid smooth(1) claim needs a precise differentiability contract at transitions; discussion disputes the proposed witness and interpretation.,"F4/F8: API metamorphic, analytic, thermodynamic or component-specific physical contracts.",False
4724,Use of Length quantity in Modelica.Mechanics.MultiBody.Sensors.Internal.BasicRelativePosition,https://github.com/modelica/ModelicaStandardLibrary/issues/4724,True,UNRESOLVED,Not established,Issue/discussion capability assessment; no execution verdict,2,No defensible defect/detectability verdict from the current evidence; do not count as clean or missed.,A Length quantity may be negative; quantity names alone do not impose a nonnegative domain.,Resolve the stated contract/version/reproducer uncertainty; then choose an oracle.,False
4728,Invalid MoistAir.isentropicExponent() for relative humidity > 0.999,https://github.com/modelica/ModelicaStandardLibrary/issues/4728,True,CONTRACT,Semantic oracle needed,Issue/discussion capability assessment; no execution verdict,0,Finite plausible wrong results generally pass numeric/domain checks; generic physical checks do not encode this contract.,cp/cv need not equal the real two-phase isentropic exponent; check thermodynamic derivative identities near saturation.,"F4/F8: API metamorphic, analytic, thermodynamic or component-specific physical contracts.",False
4729,"Blocks.Sources.{Sine, Cosine} do not behave as described",https://github.com/modelica/ModelicaStandardLibrary/issues/4729,True,EVENT,Temporal oracle needed,Issue/discussion capability assessment; no execution verdict,8,"EventSan/ZenoSan measure event activity; they do not specify phase, sample delay, polarity or transition priority.",Sine/Cosine startTime behavior differs from prose expectations; phase/time-shift contracts and documentation intent are needed.,F3/F4: supported event/clock execution plus state-machine and sample-history contracts.,False
4730,Modelica.Media.Interfaces.Types.IsentropicExponent,https://github.com/modelica/ModelicaStandardLibrary/issues/4730,True,CONTRACT,Semantic oracle needed,Issue/discussion capability assessment; no execution verdict,0,Finite plausible wrong results generally pass numeric/domain checks; generic physical checks do not encode this contract.,IsentropicExponent definition overlaps #4728; distinguish a thermodynamic derivative from an ideal-gas heat-capacity ratio.,"F4/F8: API metamorphic, analytic, thermodynamic or component-specific physical contracts.",False
4731,Challenging event coincidence and incorrect reference result in LogicalSample,https://github.com/modelica/ModelicaStandardLibrary/issues/4731,True,REFERENCE,Test/reference validation needed,Issue/discussion capability assessment; no execution verdict,0,"DifferentialSan can compare traces, but a disagreement is not proof and current alignment is inadequate.",LogicalSample simultaneous-event/reference issue overlaps #3858/#4063; do not count all three as independent confirmed defects.,"F5: reference metadata, meaningful signals, event alignment and mixed tolerances.",False
4742,Unit missing,https://github.com/modelica/ModelicaStandardLibrary/issues/4742,True,ENHANCEMENT,Feature/design request,Issue/discussion capability assessment; no execution verdict,0,No detection claim: requested behavior/API must first be specified.,SpecificPower type is missing; adding a quantity definition is an API enhancement rather than a runtime numerical bug.,"API design, compatibility and targeted regression tests.",False
4743,Usage of Tables,https://github.com/modelica/ModelicaStandardLibrary/issues/4743,True,UNRESOLVED,Not established,Issue/discussion capability assessment; no execution verdict,2,No defensible defect/detectability verdict from the current evidence; do not count as clean or missed.,Table usage question needs a specified configuration and expected interpolation behavior before a defect/detection verdict.,Resolve the stated contract/version/reproducer uncertainty; then choose an oracle.,False
4744,Make use of security enhanced C functions,https://github.com/modelica/ModelicaStandardLibrary/issues/4744,True,EXTERNAL,External/platform scope,Issue/discussion capability assessment; no execution verdict,4,"Modelica numerical sanitizers do not validate platform, file, C ABI or FMI protocols.",Security-enhanced C function proposal requires platform/API analysis; function-name replacement alone neither proves nor fixes a vulnerability.,"F9: platform CI, C/ABI/resource instrumentation, file and FMI contract tests.",False
4747,Clean up and improve the documentation of Modelica.Electrical.QuasiStatic,https://github.com/modelica/ModelicaStandardLibrary/issues/4747,True,DOCUMENTATION,Outside numerical scope,Issue/discussion capability assessment; no execution verdict,1,None for the requested editorial/graphical change.,QuasiStatic documentation cleanup requires editorial/domain review.,"Documentation, diagram, link and source-style validation.",False
4749,Modelica.Media.Interfaces.PartialSimpleIdealGasMedium.setState_psX,https://github.com/modelica/ModelicaStandardLibrary/issues/4749,True,CONTRACT,Semantic oracle needed,Issue-derived OMC witness; ModelSan path blocked; no detection credit,0,Executed probe blocked before relevant ModelSan observation; unrelated static warnings are not hits.,OMC API evaluation violates entropy/state round trip away from reference pressure; Rumoca fails before artifact creation. See focused-results.md.,"F4/F8: API metamorphic, analytic, thermodynamic or component-specific physical contracts.",False
4750,Modelica.Media.Interfaces.PartialSimpleMedium.setState_psX,https://github.com/modelica/ModelicaStandardLibrary/issues/4750,True,CONTRACT,Semantic oracle needed,Issue-derived OMC witness; ModelSan path blocked; no detection credit,0,Executed probe blocked before relevant ModelSan observation; unrelated static warnings are not hits.,OMC API evaluation returns 327.45744 K for a 300 K water state; reference-temperature mismatch needs a round-trip oracle. Rumoca is blocked.,"F4/F8: API metamorphic, analytic, thermodynamic or component-specific physical contracts.",False
4751,Derivative of Math.Special.erf,https://github.com/modelica/ModelicaStandardLibrary/issues/4751,True,ENHANCEMENT,Feature/design request,Issue/discussion capability assessment; no execution verdict,8,No detection claim: requested behavior/API must first be specified.,Derivative/inverse annotations for special functions improve tool support; validate derivatives/domain branches rather than flag every absent annotation.,"API design, compatibility and targeted regression tests.",False
4756,Update ModelicaReference to latest Modelica specification 3.6,https://github.com/modelica/ModelicaStandardLibrary/issues/4756,True,DOCUMENTATION,Outside numerical scope,Issue/discussion capability assessment; no execution verdict,0,None for the requested editorial/graphical change.,ModelicaReference update needs specification-version alignment.,"Documentation, diagram, link and source-style validation.",False
4758,"Modelica/Magnetic/FluxTubes/UsersGuide/Literature.mo: Error 404 for URL ""https://vacuumschmelze.com/03_Documents/Brochures/Cobalt-Iron%20Alloys.pdf""",https://github.com/modelica/ModelicaStandardLibrary/issues/4758,True,DOCUMENTATION,Outside numerical scope,Issue/discussion capability assessment; no execution verdict,0,None for the requested editorial/graphical change.,Missing magnetic-material PDF requires link/provenance repair.,"Documentation, diagram, link and source-style validation.",False
4759,"Modelica/Mechanics/MultiBody/Frames/Quaternions/from_T.mo: Error 404 for URL ""https://d3cw3dd2w32x2b.cloudfront.net/wp-content/uploads/2015/01/matrix-to-quat.pdf""",https://github.com/modelica/ModelicaStandardLibrary/issues/4759,True,DOCUMENTATION,Outside numerical scope,Issue/discussion capability assessment; no execution verdict,1,None for the requested editorial/graphical change.,Missing quaternion conversion reference requires link/provenance repair.,"Documentation, diagram, link and source-style validation.",False
4760,"Modelica/Electrical/PowerConverters/UsersGuide/References.mo: Error 404 for URL ""http://personal.strath.ac.uk/barry.williams/book.htm""",https://github.com/modelica/ModelicaStandardLibrary/issues/4760,True,DOCUMENTATION,Outside numerical scope,Issue/discussion capability assessment; no execution verdict,0,None for the requested editorial/graphical change.,Missing PowerConverters book reference requires link/provenance repair.,"Documentation, diagram, link and source-style validation.",False
4761,"Modelica/Mechanics/MultiBody/Examples/Systems/RobotR3/package.mo: Error 403 for URL ""http://www.robotic.dlr.de/Martin.Otter""",https://github.com/modelica/ModelicaStandardLibrary/issues/4761,True,DOCUMENTATION,Outside numerical scope,Issue/discussion capability assessment; no execution verdict,1,None for the requested editorial/graphical change.,RobotR3 author link returns an access error; link checks cannot determine physical model correctness.,"Documentation, diagram, link and source-style validation.",False
4770,Spline interpolation of Blocks.Tables,https://github.com/modelica/ModelicaStandardLibrary/issues/4770,True,UNRESOLVED,Not established,Issue/discussion capability assessment; no execution verdict,8,No defensible defect/detectability verdict from the current evidence; do not count as clean or missed.,Discussion compares different spline families/smoothing choices; matching interpolants is required before an accuracy defect is established.,Resolve the stated contract/version/reproducer uncertainty; then choose an oracle.,False
4771,Simulation error when using MoistAir.T_psX,https://github.com/modelica/ModelicaStandardLibrary/issues/4771,True,SHAPE,Shape analysis needed,Issue-derived OMC witness; ModelSan path blocked; no detection credit,0,Executed probe blocked before relevant ModelSan observation; unrelated static warnings are not hits.,Earlier OMC full/reduced-composition control reproduces bounds failure; Rumoca cannot lower either witness. Requires interprocedural extent/index contracts.,"F2: shape contracts, reduced/full representations and runtime bounds provenance.",False
4773,External functions working with file paths on Windows lack encoding conversions,https://github.com/modelica/ModelicaStandardLibrary/issues/4773,True,EXTERNAL,External/platform scope,Issue/discussion capability assessment; no execution verdict,8,"Modelica numerical sanitizers do not validate platform, file, C ABI or FMI protocols.",Windows UTF-8 paths need wide-character conversions and platform tests; numerical sanitizers cannot validate encoding transport.,"F9: platform CI, C/ABI/resource instrumentation, file and FMI contract tests.",False
4785,Misleading diagram in Electrical.Analog.Interfaces.FourPin and TwoPort,https://github.com/modelica/ModelicaStandardLibrary/issues/4785,True,DOCUMENTATION,Outside numerical scope,Issue/discussion capability assessment; no execution verdict,3,None for the requested editorial/graphical change.,FourPin/TwoPort misleading diagram needs comparison of picture and connector/equation semantics.,"Documentation, diagram, link and source-style validation.",False
4792,Rotational.Interfaces breaks color convention,https://github.com/modelica/ModelicaStandardLibrary/issues/4792,True,DOCUMENTATION,Outside numerical scope,Issue/discussion capability assessment; no execution verdict,6,None for the requested editorial/graphical change.,Rotational interface colors violate a graphical convention.,"Documentation, diagram, link and source-style validation.",False
4794,`ModelicaInternal_temporaryFileName`: Replace `tmpnam` with `mkstemp`,https://github.com/modelica/ModelicaStandardLibrary/issues/4794,True,EXTERNAL,External/platform scope,Issue/discussion capability assessment; no execution verdict,0,"Modelica numerical sanitizers do not validate platform, file, C ABI or FMI protocols.","tmpnam creates a filename race; atomic creation/handle ownership and C/platform analysis are needed, outside numerical sanitizers.","F9: platform CI, C/ABI/resource instrumentation, file and FMI contract tests.",False
4799,Tidy up Modelica.Magnetic.FluxTubes.Material.SoftMaterial ...,https://github.com/modelica/ModelicaStandardLibrary/issues/4799,True,DOCUMENTATION,Outside numerical scope,Issue/discussion capability assessment; no execution verdict,0,None for the requested editorial/graphical change.,SoftMaterial cleanup concerns names/order/documentation; no numerical defect follows from tidying the package.,"Documentation, diagram, link and source-style validation.",False
4801,smoothness in interpolation of Modelica.Mechanics.Translational.Components.SupportFriction,https://github.com/modelica/ModelicaStandardLibrary/issues/4801,True,UNRESOLVED,Not established,Issue/discussion capability assessment; no execution verdict,0,No defensible defect/detectability verdict from the current evidence; do not count as clean or missed.,"Source passes smoothness to the external table constructor, which selects interpolation; common lookup-call names do not establish ignored smoothness.",Resolve the stated contract/version/reproducer uncertainty; then choose an oracle.,False
4807,Modelica.Math.Nonlinear.quadratureLobatto,https://github.com/modelica/ModelicaStandardLibrary/issues/4807,True,NUMERIC,Possible symptom coverage only,Issue/discussion capability assessment; no execution verdict,0,Domain/Numeric/Solver/AssertSan may observe a reached failure; no executed issue-specific hit is established here.,Linked #4800 discussion identifies fragile near-zero integral termination; needs function evaluation budgets and mixed absolute/relative quadrature accuracy checks.,"F6: scaled residual/rank/conditioning, progress budgets and high-precision error oracles.",False
4814,Parameter-domain constraints permit division-by-zero and invalid configurations in MSL,https://github.com/modelica/ModelicaStandardLibrary/issues/4814,False,EXCLUDED,Own report excluded,Census only; excluded,5,Not eligible for independent detection evaluation.,Authored by Arslan8 (the connected user); retained in the census but excluded from independent evaluation and discovery counts.,Retain provenance only; do not add to independent discovery totals.,False
4815,Negative `StartTime` in model but not in reference for OneSidedDerivative2D,https://github.com/modelica/ModelicaStandardLibrary/issues/4815,True,REFERENCE,Test/reference validation needed,Issue/discussion capability assessment; no execution verdict,0,"DifferentialSan can compare traces, but a disagreement is not proof and current alignment is inadequate.",Model StartTime=-1 versus reference start=0 needs test metadata/horizon validation; newly opened issue explains the increase from cached 352 to 353.,"F5: reference metadata, meaningful signals, event alignment and mixed tolerances.",False
